[    0.0s] CheckRide session started — 2026-06-29 21:51:05
[    0.0s] App version: 0.1.0.0  Scoring: xp12-1.2
[    0.0s] [XP12] Connector started — waiting for XP12…
[    2.1s] [XP12] XP12 detected — resolving dataref IDs…
[    2.3s] [XP12] [XP12] Dataref not found: 'sim/flightmodel/misc/stall_warning'
[    2.4s] [XP12] [XP12] Dataref not found: 'sim/flightmodel2/gear/tire_sink_depth'
[    2.5s] [XP12] [XP12] Dataref not found: 'sim/weather/aircraft_wind_speed_kt'
[    2.5s] [XP12] [XP12] Dataref not found: 'sim/weather/aircraft_wind_direction_degt'
[    2.6s] [XP12] [XP12] Dataref not found: 'sim/flightmodel2/gear/tire_skid'
[    2.6s] [XP12] [XP12] Dataref not found: 'sim/aircraft/limits/Vso'
[    2.6s] [XP12] [XP12] Dataref not found: 'sim/aircraft/limits/Vno'
[    2.6s] [XP12] [XP12] Dataref not found: 'sim/aircraft/limits/Vne'
[    2.6s] [XP12] [XP12] Dataref not found: 'sim/aircraft/limits/Vfe'
[    2.6s] [XP12] [XP12] Dataref not found: 'sim/aircraft/limits/Vle'
[    2.7s] [XP12] [XP12] Dataref not found: 'sim/weather/cloud_base_msl_m'
[    2.7s] [XP12] ID resolution: 40/51 resolved
[    2.7s] [XP12] [XP12] Dataref not found: 'sim/flightmodel/misc/stall_warning'
[    2.7s] [XP12] [XP12] Dataref not found: 'sim/flightmodel2/gear/tire_sink_depth'
[    2.7s] [XP12] [XP12] Dataref not found: 'sim/weather/aircraft_wind_speed_kt'
[    2.8s] [XP12] [XP12] Dataref not found: 'sim/weather/aircraft_wind_direction_degt'
[    2.8s] [XP12] [XP12] Dataref not found: 'sim/flightmodel2/gear/tire_skid'
[    2.8s] [XP12] [XP12] Dataref not found: 'sim/aircraft/limits/Vso'
[    2.8s] [XP12] [XP12] Dataref not found: 'sim/aircraft/limits/Vno'
[    2.8s] [XP12] [XP12] Dataref not found: 'sim/aircraft/limits/Vne'
[    2.8s] [XP12] [XP12] Dataref not found: 'sim/aircraft/limits/Vfe'
[    2.8s] [XP12] [XP12] Dataref not found: 'sim/aircraft/limits/Vle'
[    2.8s] [XP12] [XP12] Dataref not found: 'sim/weather/cloud_base_msl_m'
[    3.3s] Aircraft: King Air 350
[    3.3s] [Idle] GS=0.0kt IAS=147.5kt VS=-3705fpm AGL=-3ft Bnk=-0.8° Pit=1.9° Hdg=202° Gn=1.00 Gl=0.01 Ga=-0.04 Sink=0.000m Skid=0.000 Thr=0.38 Flp=1.00 Sbk=0.00 Wind=0kt@0° Xpdr=1 AP=False GS=0.00dot LOC=0.00dot
[    4.3s] [XP12] [XP12] Dataref not found: 'sim/flightmodel/misc/stall_warning'
[    4.3s] [XP12] [XP12] Dataref not found: 'sim/flightmodel2/gear/tire_sink_depth'
[    4.3s] [XP12] [XP12] Dataref not found: 'sim/weather/aircraft_wind_speed_kt'
[    4.3s] [XP12] [XP12] Dataref not found: 'sim/weather/aircraft_wind_direction_degt'
[    4.3s] [XP12] [XP12] Dataref not found: 'sim/flightmodel2/gear/tire_skid'
[    4.3s] [XP12] [XP12] Dataref not found: 'sim/aircraft/limits/Vso'
[    4.3s] [XP12] [XP12] Dataref not found: 'sim/aircraft/limits/Vno'
[    4.3s] [XP12] [XP12] Dataref not found: 'sim/aircraft/limits/Vne'
[    4.3s] [XP12] [XP12] Dataref not found: 'sim/aircraft/limits/Vfe'
[    4.3s] [XP12] [XP12] Dataref not found: 'sim/aircraft/limits/Vle'
[    4.3s] [XP12] [XP12] Dataref not found: 'sim/weather/cloud_base_msl_m'
[    4.3s] [Idle] GS=0.0kt IAS=147.5kt VS=-3705fpm AGL=-675ft Bnk=-0.8° Pit=1.9° Hdg=202° Gn=1.00 Gl=0.01 Ga=-0.04 Sink=0.000m Skid=0.000 Thr=0.38 Flp=1.00 Sbk=0.00 Wind=0kt@0° Xpdr=1 AP=False GS=0.00dot LOC=0.00dot
[    5.3s] [XP12] [XP12] Dataref not found: 'sim/flightmodel/misc/stall_warning'
[    5.3s] [XP12] [XP12] Dataref not found: 'sim/flightmodel2/gear/tire_sink_depth'
[    5.3s] [XP12] [XP12] Dataref not found: 'sim/weather/aircraft_wind_speed_kt'
[    5.3s] [XP12] [XP12] Dataref not found: 'sim/weather/aircraft_wind_direction_degt'
[    5.3s] [XP12] [XP12] Dataref not found: 'sim/flightmodel2/gear/tire_skid'
[    5.3s] [XP12] [XP12] Dataref not found: 'sim/aircraft/limits/Vso'
[    5.3s] [XP12] [XP12] Dataref not found: 'sim/aircraft/limits/Vno'
[    5.3s] [XP12] [XP12] Dataref not found: 'sim/aircraft/limits/Vne'
[    5.3s] [XP12] [XP12] Dataref not found: 'sim/aircraft/limits/Vfe'
[    5.3s] [XP12] [XP12] Dataref not found: 'sim/aircraft/limits/Vle'
[    5.3s] [XP12] [XP12] Dataref not found: 'sim/weather/cloud_base_msl_m'
[    5.4s] [Idle] GS=0.0kt IAS=147.5kt VS=-3705fpm AGL=-675ft Bnk=-0.8° Pit=1.9° Hdg=202° Gn=1.00 Gl=0.01 Ga=-0.04 Sink=0.000m Skid=0.000 Thr=0.38 Flp=1.00 Sbk=0.00 Wind=0kt@0° Xpdr=1 AP=False GS=0.00dot LOC=0.00dot
[    6.4s] [XP12] [XP12] Dataref not found: 'sim/flightmodel/misc/stall_warning'
[    6.4s] [XP12] [XP12] Dataref not found: 'sim/flightmodel2/gear/tire_sink_depth'
[    6.4s] [XP12] [XP12] Dataref not found: 'sim/weather/aircraft_wind_speed_kt'
[    6.4s] [XP12] [XP12] Dataref not found: 'sim/weather/aircraft_wind_direction_degt'
[    6.4s] [XP12] [XP12] Dataref not found: 'sim/flightmodel2/gear/tire_skid'
[    6.4s] [XP12] [XP12] Dataref not found: 'sim/aircraft/limits/Vso'
[    6.4s] [XP12] [XP12] Dataref not found: 'sim/aircraft/limits/Vno'
[    6.4s] [XP12] [XP12] Dataref not found: 'sim/aircraft/limits/Vne'
[    6.4s] [XP12] [XP12] Dataref not found: 'sim/aircraft/limits/Vfe'
[    6.4s] [XP12] [XP12] Dataref not found: 'sim/aircraft/limits/Vle'
[    6.4s] [XP12] [XP12] Dataref not found: 'sim/weather/cloud_base_msl_m'
[    6.4s] [Idle] GS=0.0kt IAS=147.5kt VS=-3705fpm AGL=-675ft Bnk=-0.8° Pit=1.9° Hdg=202° Gn=1.00 Gl=0.01 Ga=-0.04 Sink=0.000m Skid=0.000 Thr=0.38 Flp=1.00 Sbk=0.00 Wind=0kt@0° Xpdr=1 AP=False GS=0.00dot LOC=0.00dot
[    7.4s] [XP12] [XP12] Dataref not found: 'sim/flightmodel/misc/stall_warning'
[    7.4s] [XP12] [XP12] Dataref not found: 'sim/flightmodel2/gear/tire_sink_depth'
[    7.4s] [XP12] [XP12] Dataref not found: 'sim/weather/aircraft_wind_speed_kt'
[    7.4s] [XP12] [XP12] Dataref not found: 'sim/weather/aircraft_wind_direction_degt'
[    7.4s] [XP12] [XP12] Dataref not found: 'sim/flightmodel2/gear/tire_skid'
[    7.4s] [XP12] [XP12] Dataref not found: 'sim/aircraft/limits/Vso'
[    7.4s] [XP12] [XP12] Dataref not found: 'sim/aircraft/limits/Vno'
[    7.4s] [XP12] [XP12] Dataref not found: 'sim/aircraft/limits/Vne'
[    7.4s] [XP12] [XP12] Dataref not found: 'sim/aircraft/limits/Vfe'
[    7.4s] [XP12] [XP12] Dataref not found: 'sim/aircraft/limits/Vle'
[    7.4s] [XP12] [XP12] Dataref not found: 'sim/weather/cloud_base_msl_m'
[    7.4s] [Idle] GS=0.0kt IAS=0.0kt VS=0fpm AGL=-0ft Bnk=-1.1° Pit=2.8° Hdg=0° Gn=0.00 Gl=0.00 Ga=0.00 Sink=0.000m Skid=0.000 Thr=0.00 Flp=0.00 Sbk=0.00 Wind=0kt@0° Xpdr=0 AP=False GS=0.00dot LOC=0.00dot
[    8.4s] [XP12] [XP12] Dataref not found: 'sim/flightmodel/misc/stall_warning'
[    8.4s] [XP12] [XP12] Dataref not found: 'sim/flightmodel2/gear/tire_sink_depth'
[    8.4s] [XP12] [XP12] Dataref not found: 'sim/weather/aircraft_wind_speed_kt'
[    8.4s] [XP12] [XP12] Dataref not found: 'sim/weather/aircraft_wind_direction_degt'
[    8.4s] [XP12] [XP12] Dataref not found: 'sim/flightmodel2/gear/tire_skid'
[    8.4s] [XP12] [XP12] Dataref not found: 'sim/aircraft/limits/Vso'
[    8.4s] [XP12] [XP12] Dataref not found: 'sim/aircraft/limits/Vno'
[    8.4s] [XP12] [XP12] Dataref not found: 'sim/aircraft/limits/Vne'
[    8.4s] [XP12] [XP12] Dataref not found: 'sim/aircraft/limits/Vfe'
[    8.4s] [XP12] [XP12] Dataref not found: 'sim/aircraft/limits/Vle'
[    8.4s] [XP12] [XP12] Dataref not found: 'sim/weather/cloud_base_msl_m'
[    8.4s] [Idle] GS=0.0kt IAS=0.0kt VS=0fpm AGL=-0ft Bnk=-1.1° Pit=2.8° Hdg=0° Gn=0.00 Gl=0.00 Ga=0.00 Sink=0.000m Skid=0.000 Thr=0.00 Flp=0.00 Sbk=0.00 Wind=0kt@0° Xpdr=0 AP=False GS=0.00dot LOC=0.00dot
[    9.4s] [XP12] [XP12] Dataref not found: 'sim/flightmodel/misc/stall_warning'
[    9.4s] [XP12] [XP12] Dataref not found: 'sim/flightmodel2/gear/tire_sink_depth'
[    9.4s] [XP12] [XP12] Dataref not found: 'sim/weather/aircraft_wind_speed_kt'
[    9.4s] [XP12] [XP12] Dataref not found: 'sim/weather/aircraft_wind_direction_degt'
[    9.4s] [XP12] [XP12] Dataref not found: 'sim/flightmodel2/gear/tire_skid'
[    9.4s] [XP12] [XP12] Dataref not found: 'sim/aircraft/limits/Vso'
[    9.4s] [XP12] [XP12] Dataref not found: 'sim/aircraft/limits/Vno'
[    9.4s] [XP12] [XP12] Dataref not found: 'sim/aircraft/limits/Vne'
[    9.4s] [XP12] [XP12] Dataref not found: 'sim/aircraft/limits/Vfe'
[    9.4s] [XP12] [XP12] Dataref not found: 'sim/aircraft/limits/Vle'
[    9.4s] [XP12] [XP12] Dataref not found: 'sim/weather/cloud_base_msl_m'
[    9.4s] [Idle] GS=0.0kt IAS=0.0kt VS=0fpm AGL=-0ft Bnk=-1.1° Pit=2.8° Hdg=0° Gn=0.00 Gl=0.00 Ga=0.00 Sink=0.000m Skid=0.000 Thr=0.00 Flp=0.00 Sbk=0.00 Wind=0kt@0° Xpdr=0 AP=False GS=0.00dot LOC=0.00dot
[   19.9s] [XP12] [XP12] Dataref not found: 'sim/weather/aircraft_wind_direction_degt'
[   20.0s] [XP12] [XP12] Dataref not found: 'sim/flightmodel2/gear/tire_skid'
[   20.0s] [XP12] [XP12] Dataref not found: 'sim/aircraft/limits/Vso'
[   20.0s] [XP12] [XP12] Dataref not found: 'sim/aircraft/limits/Vno'
[   20.0s] [XP12] [XP12] Dataref not found: 'sim/aircraft/limits/Vne'
[   20.0s] [XP12] [XP12] Dataref not found: 'sim/aircraft/limits/Vfe'
[   20.0s] [XP12] [XP12] Dataref not found: 'sim/aircraft/limits/Vle'
[   20.0s] [XP12] [XP12] Dataref not found: 'sim/weather/cloud_base_msl_m'
[   20.0s] [Idle] GS=0.0kt IAS=0.0kt VS=0fpm AGL=-0ft Bnk=-1.1° Pit=2.8° Hdg=0° Gn=0.00 Gl=0.00 Ga=0.00 Sink=0.000m Skid=0.000 Thr=0.00 Flp=1.00 Sbk=0.00 Wind=0kt@0° Xpdr=0 AP=True GS=0.00dot LOC=0.00dot
[   21.0s] [XP12] [XP12] Dataref not found: 'sim/flightmodel/misc/stall_warning'
[   21.0s] [XP12] [XP12] Dataref not found: 'sim/flightmodel2/gear/tire_sink_depth'
[   21.0s] [XP12] [XP12] Dataref not found: 'sim/weather/aircraft_wind_speed_kt'
[   21.0s] [XP12] [XP12] Dataref not found: 'sim/weather/aircraft_wind_direction_degt'
[   21.0s] [XP12] [XP12] Dataref not found: 'sim/flightmodel2/gear/tire_skid'
[   21.0s] [XP12] [XP12] Dataref not found: 'sim/aircraft/limits/Vso'
[   21.0s] [XP12] [XP12] Dataref not found: 'sim/aircraft/limits/Vno'
[   21.0s] [XP12] [XP12] Dataref not found: 'sim/aircraft/limits/Vne'
[   21.0s] [XP12] [XP12] Dataref not found: 'sim/aircraft/limits/Vfe'
[   21.0s] [XP12] [XP12] Dataref not found: 'sim/aircraft/limits/Vle'
[   21.0s] [XP12] [XP12] Dataref not found: 'sim/weather/cloud_base_msl_m'
[   21.0s] [Idle] GS=0.0kt IAS=0.0kt VS=0fpm AGL=-0ft Bnk=-1.1° Pit=2.8° Hdg=0° Gn=0.00 Gl=0.00 Ga=0.00 Sink=0.000m Skid=0.000 Thr=0.00 Flp=1.00 Sbk=0.00 Wind=0kt@0° Xpdr=0 AP=True GS=0.00dot LOC=0.00dot
[   22.1s] [XP12] [XP12] Dataref not found: 'sim/flightmodel/misc/stall_warning'
[   22.1s] [XP12] [XP12] Dataref not found: 'sim/flightmodel2/gear/tire_sink_depth'
[   22.1s] [XP12] [XP12] Dataref not found: 'sim/weather/aircraft_wind_speed_kt'
[   22.1s] [XP12] [XP12] Dataref not found: 'sim/weather/aircraft_wind_direction_degt'
[   22.1s] [XP12] [XP12] Dataref not found: 'sim/flightmodel2/gear/tire_skid'
[   22.1s] [XP12] [XP12] Dataref not found: 'sim/aircraft/limits/Vso'
[   22.1s] [XP12] [XP12] Dataref not found: 'sim/aircraft/limits/Vno'
[   22.1s] [XP12] [XP12] Dataref not found: 'sim/aircraft/limits/Vne'
[   22.1s] [XP12] [XP12] Dataref not found: 'sim/aircraft/limits/Vfe'
[   22.1s] [XP12] [XP12] Dataref not found: 'sim/aircraft/limits/Vle'
[   22.1s] [XP12] [XP12] Dataref not found: 'sim/weather/cloud_base_msl_m'
[   22.1s] [Idle] GS=0.0kt IAS=0.0kt VS=0fpm AGL=-0ft Bnk=-1.1° Pit=2.8° Hdg=0° Gn=0.00 Gl=0.00 Ga=0.00 Sink=0.000m Skid=0.000 Thr=0.00 Flp=1.00 Sbk=0.00 Wind=0kt@0° Xpdr=0 AP=True GS=0.00dot LOC=0.00dot
[   23.1s] [XP12] [XP12] Dataref not found: 'sim/flightmodel/misc/stall_warning'
[   23.1s] [XP12] [XP12] Dataref not found: 'sim/flightmodel2/gear/tire_sink_depth'
[   23.1s] [XP12] [XP12] Dataref not found: 'sim/weather/aircraft_wind_speed_kt'
[   23.1s] [XP12] [XP12] Dataref not found: 'sim/weather/aircraft_wind_direction_degt'
[   23.1s] [XP12] [XP12] Dataref not found: 'sim/flightmodel2/gear/tire_skid'
[   23.1s] [XP12] [XP12] Dataref not found: 'sim/aircraft/limits/Vso'
[   23.1s] [XP12] [XP12] Dataref not found: 'sim/aircraft/limits/Vno'
[   23.1s] [XP12] [XP12] Dataref not found: 'sim/aircraft/limits/Vne'
[   23.1s] [XP12] [XP12] Dataref not found: 'sim/aircraft/limits/Vfe'
[   23.1s] [XP12] [XP12] Dataref not found: 'sim/aircraft/limits/Vle'
[   23.1s] [XP12] [XP12] Dataref not found: 'sim/weather/cloud_base_msl_m'
[   23.1s] [Idle] GS=0.0kt IAS=0.0kt VS=0fpm AGL=-0ft Bnk=-1.1° Pit=2.8° Hdg=0° Gn=0.00 Gl=0.00 Ga=0.00 Sink=0.000m Skid=0.000 Thr=0.00 Flp=1.00 Sbk=0.00 Wind=0kt@0° Xpdr=0 AP=True GS=0.00dot LOC=0.00dot
[   33.2s] [XP12] [XP12] Dataref not found: 'sim/weather/aircraft_wind_direction_degt'
[   33.3s] [XP12] [XP12] Dataref not found: 'sim/flightmodel2/gear/tire_skid'
[   33.4s] [XP12] [XP12] Dataref not found: 'sim/aircraft/limits/Vso'
[   33.5s] [XP12] [XP12] Dataref not found: 'sim/aircraft/limits/Vno'
[   33.6s] [XP12] [XP12] Dataref not found: 'sim/aircraft/limits/Vne'
[   33.6s] [XP12] [XP12] Dataref not found: 'sim/aircraft/limits/Vfe'
[   33.6s] [XP12] [XP12] Dataref not found: 'sim/aircraft/limits/Vle'
[   33.6s] [XP12] [XP12] Dataref not found: 'sim/weather/cloud_base_msl_m'
[   33.7s] [Idle] GS=0.1kt IAS=-0.8kt VS=5fpm AGL=0ft Bnk=-0.6° Pit=2.6° Hdg=235° Gn=0.89 Gl=-0.01 Ga=-0.05 Sink=0.000m Skid=0.000 Thr=0.00 Flp=1.00 Sbk=0.00 Wind=0kt@0° Xpdr=0 AP=False GS=0.00dot LOC=0.00dot
[   34.7s] [XP12] [XP12] Dataref not found: 'sim/flightmodel/misc/stall_warning'
[   34.7s] [XP12] [XP12] Dataref not found: 'sim/flightmodel2/gear/tire_sink_depth'
[   34.7s] [XP12] [XP12] Dataref not found: 'sim/weather/aircraft_wind_speed_kt'
[   34.7s] [XP12] [XP12] Dataref not found: 'sim/weather/aircraft_wind_direction_degt'
[   34.8s] [XP12] [XP12] Dataref not found: 'sim/flightmodel2/gear/tire_skid'
[   34.8s] [XP12] [XP12] Dataref not found: 'sim/aircraft/limits/Vso'
[   34.8s] [XP12] [XP12] Dataref not found: 'sim/aircraft/limits/Vno'
[   34.8s] [XP12] [XP12] Dataref not found: 'sim/aircraft/limits/Vne'
[   34.8s] [XP12] [XP12] Dataref not found: 'sim/aircraft/limits/Vfe'
[   34.8s] [XP12] [XP12] Dataref not found: 'sim/aircraft/limits/Vle'
[   34.9s] [XP12] [XP12] Dataref not found: 'sim/weather/cloud_base_msl_m'
[   34.9s] [Idle] GS=0.0kt IAS=-6.0kt VS=2fpm AGL=0ft Bnk=-0.6° Pit=2.7° Hdg=235° Gn=1.00 Gl=-0.00 Ga=-0.05 Sink=0.000m Skid=0.000 Thr=0.00 Flp=1.00 Sbk=0.00 Wind=0kt@0° Xpdr=0 AP=False GS=0.00dot LOC=0.00dot
[   35.9s] [XP12] [XP12] Dataref not found: 'sim/flightmodel/misc/stall_warning'
[   35.9s] [XP12] [XP12] Dataref not found: 'sim/flightmodel2/gear/tire_sink_depth'
[   36.0s] [XP12] [XP12] Dataref not found: 'sim/weather/aircraft_wind_speed_kt'
[   36.0s] [XP12] [XP12] Dataref not found: 'sim/weather/aircraft_wind_direction_degt'
[   36.0s] [XP12] [XP12] Dataref not found: 'sim/flightmodel2/gear/tire_skid'
[   36.0s] [XP12] [XP12] Dataref not found: 'sim/aircraft/limits/Vso'
[   36.0s] [XP12] [XP12] Dataref not found: 'sim/aircraft/limits/Vno'
[   36.0s] [XP12] [XP12] Dataref not found: 'sim/aircraft/limits/Vne'
[   36.1s] [XP12] [XP12] Dataref not found: 'sim/aircraft/limits/Vfe'
[   36.1s] [XP12] [XP12] Dataref not found: 'sim/aircraft/limits/Vle'
[   36.1s] [XP12] [XP12] Dataref not found: 'sim/weather/cloud_base_msl_m'
[   36.1s] [Idle] GS=0.0kt IAS=-7.7kt VS=0fpm AGL=0ft Bnk=-0.6° Pit=2.7° Hdg=235° Gn=1.00 Gl=0.00 Ga=-0.05 Sink=0.000m Skid=0.000 Thr=0.00 Flp=1.00 Sbk=0.00 Wind=0kt@0° Xpdr=0 AP=False GS=0.00dot LOC=0.00dot
[   37.1s] [XP12] [XP12] Dataref not found: 'sim/flightmodel/misc/stall_warning'
[   37.2s] [XP12] [XP12] Dataref not found: 'sim/flightmodel2/gear/tire_sink_depth'
[   37.2s] [XP12] [XP12] Dataref not found: 'sim/weather/aircraft_wind_speed_kt'
[   37.2s] [XP12] [XP12] Dataref not found: 'sim/weather/aircraft_wind_direction_degt'
[   37.2s] [XP12] [XP12] Dataref not found: 'sim/flightmodel2/gear/tire_skid'
[   37.2s] [XP12] [XP12] Dataref not found: 'sim/aircraft/limits/Vso'
[   37.3s] [XP12] [XP12] Dataref not found: 'sim/aircraft/limits/Vno'
[   37.3s] [XP12] [XP12] Dataref not found: 'sim/aircraft/limits/Vne'
[   37.3s] [XP12] [XP12] Dataref not found: 'sim/aircraft/limits/Vfe'
[   37.3s] [XP12] [XP12] Dataref not found: 'sim/aircraft/limits/Vle'
[   37.3s] [XP12] [XP12] Dataref not found: 'sim/weather/cloud_base_msl_m'
[   37.3s] [Idle] GS=0.0kt IAS=-8.2kt VS=0fpm AGL=0ft Bnk=-0.7° Pit=2.7° Hdg=235° Gn=1.00 Gl=0.00 Ga=-0.05 Sink=0.000m Skid=0.000 Thr=0.00 Flp=1.00 Sbk=0.00 Wind=0kt@0° Xpdr=0 AP=False GS=0.00dot LOC=0.00dot
[   38.4s] [XP12] [XP12] Dataref not found: 'sim/flightmodel/misc/stall_warning'
[   38.4s] [XP12] [XP12] Dataref not found: 'sim/flightmodel2/gear/tire_sink_depth'
[   38.4s] [XP12] [XP12] Dataref not found: 'sim/weather/aircraft_wind_speed_kt'
[   38.4s] [XP12] [XP12] Dataref not found: 'sim/weather/aircraft_wind_direction_degt'
[   38.4s] [XP12] [XP12] Dataref not found: 'sim/flightmodel2/gear/tire_skid'
[   38.4s] [XP12] [XP12] Dataref not found: 'sim/aircraft/limits/Vso'
[   38.5s] [XP12] [XP12] Dataref not found: 'sim/aircraft/limits/Vno'
[   38.5s] [XP12] [XP12] Dataref not found: 'sim/aircraft/limits/Vne'
[   38.5s] [XP12] [XP12] Dataref not found: 'sim/aircraft/limits/Vfe'
[   38.5s] [XP12] [XP12] Dataref not found: 'sim/aircraft/limits/Vle'
[   38.5s] [XP12] [XP12] Dataref not found: 'sim/weather/cloud_base_msl_m'
[   38.5s] [Idle] GS=0.0kt IAS=-8.2kt VS=0fpm AGL=0ft Bnk=-0.7° Pit=2.7° Hdg=235° Gn=1.00 Gl=0.00 Ga=-0.05 Sink=0.000m Skid=0.000 Thr=0.00 Flp=1.00 Sbk=0.00 Wind=0kt@0° Xpdr=0 AP=False GS=0.00dot LOC=0.00dot
[   39.6s] [XP12] [XP12] Dataref not found: 'sim/flightmodel/misc/stall_warning'
[   39.6s] [XP12] [XP12] Dataref not found: 'sim/flightmodel2/gear/tire_sink_depth'
[   39.6s] [XP12] [XP12] Dataref not found: 'sim/weather/aircraft_wind_speed_kt'
[   39.6s] [XP12] [XP12] Dataref not found: 'sim/weather/aircraft_wind_direction_degt'
[   39.6s] [XP12] [XP12] Dataref not found: 'sim/flightmodel2/gear/tire_skid'
[   39.7s] [XP12] [XP12] Dataref not found: 'sim/aircraft/limits/Vso'
[   39.7s] [XP12] [XP12] Dataref not found: 'sim/aircraft/limits/Vno'
[   39.7s] [XP12] [XP12] Dataref not found: 'sim/aircraft/limits/Vne'
[   39.7s] [XP12] [XP12] Dataref not found: 'sim/aircraft/limits/Vfe'
[   39.7s] [XP12] [XP12] Dataref not found: 'sim/aircraft/limits/Vle'
[   39.7s] [XP12] [XP12] Dataref not found: 'sim/weather/cloud_base_msl_m'
[   39.8s] [Idle] GS=0.0kt IAS=-8.1kt VS=0fpm AGL=0ft Bnk=-0.7° Pit=2.7° Hdg=235° Gn=1.00 Gl=0.00 Ga=-0.05 Sink=0.000m Skid=0.000 Thr=0.00 Flp=1.00 Sbk=0.00 Wind=0kt@0° Xpdr=0 AP=False GS=0.00dot LOC=0.00dot
[   40.8s] [XP12] [XP12] Dataref not found: 'sim/flightmodel/misc/stall_warning'
[   40.8s] [XP12] [XP12] Dataref not found: 'sim/flightmodel2/gear/tire_sink_depth'
[   40.8s] [XP12] [XP12] Dataref not found: 'sim/weather/aircraft_wind_speed_kt'
[   40.8s] [XP12] [XP12] Dataref not found: 'sim/weather/aircraft_wind_direction_degt'
[   40.9s] [XP12] [XP12] Dataref not found: 'sim/flightmodel2/gear/tire_skid'
[   40.9s] [XP12] [XP12] Dataref not found: 'sim/aircraft/limits/Vso'
[   40.9s] [XP12] [XP12] Dataref not found: 'sim/aircraft/limits/Vno'
[   40.9s] [XP12] [XP12] Dataref not found: 'sim/aircraft/limits/Vne'
[   40.9s] [XP12] [XP12] Dataref not found: 'sim/aircraft/limits/Vfe'
[   40.9s] [XP12] [XP12] Dataref not found: 'sim/aircraft/limits/Vle'
[   41.0s] [XP12] [XP12] Dataref not found: 'sim/weather/cloud_base_msl_m'
[   41.0s] [Idle] GS=0.0kt IAS=-8.1kt VS=0fpm AGL=0ft Bnk=-0.7° Pit=2.7° Hdg=235° Gn=1.00 Gl=0.00 Ga=-0.05 Sink=0.000m Skid=0.000 Thr=0.00 Flp=0.00 Sbk=0.00 Wind=0kt@0° Xpdr=0 AP=False GS=0.00dot LOC=0.00dot
[   42.0s] [XP12] [XP12] Dataref not found: 'sim/flightmodel/misc/stall_warning'
[   42.0s] [XP12] [XP12] Dataref not found: 'sim/flightmodel2/gear/tire_sink_depth'
[   42.0s] [XP12] [XP12] Dataref not found: 'sim/weather/aircraft_wind_speed_kt'
[   42.1s] [XP12] [XP12] Dataref not found: 'sim/weather/aircraft_wind_direction_degt'
[   42.1s] [XP12] [XP12] Dataref not found: 'sim/flightmodel2/gear/tire_skid'
[   42.1s] [XP12] [XP12] Dataref not found: 'sim/aircraft/limits/Vso'
[   42.1s] [XP12] [XP12] Dataref not found: 'sim/aircraft/limits/Vno'
[   42.1s] [XP12] [XP12] Dataref not found: 'sim/aircraft/limits/Vne'
[   42.1s] [XP12] [XP12] Dataref not found: 'sim/aircraft/limits/Vfe'
[   42.2s] [XP12] [XP12] Dataref not found: 'sim/aircraft/limits/Vle'
[   42.2s] [XP12] [XP12] Dataref not found: 'sim/weather/cloud_base_msl_m'
[   42.2s] [Idle] GS=0.0kt IAS=-8.0kt VS=0fpm AGL=0ft Bnk=-0.7° Pit=2.7° Hdg=235° Gn=1.00 Gl=0.00 Ga=-0.05 Sink=0.000m Skid=0.000 Thr=0.00 Flp=0.00 Sbk=0.00 Wind=0kt@0° Xpdr=0 AP=False GS=0.00dot LOC=0.00dot
[   43.2s] [XP12] [XP12] Dataref not found: 'sim/flightmodel/misc/stall_warning'
[   43.2s] [XP12] [XP12] Dataref not found: 'sim/flightmodel2/gear/tire_sink_depth'
[   43.2s] [XP12] [XP12] Dataref not found: 'sim/weather/aircraft_wind_speed_kt'
[   43.3s] [XP12] [XP12] Dataref not found: 'sim/weather/aircraft_wind_direction_degt'
[   43.3s] [XP12] [XP12] Dataref not found: 'sim/flightmodel2/gear/tire_skid'
[   43.3s] [XP12] [XP12] Dataref not found: 'sim/aircraft/limits/Vso'
[   43.3s] [XP12] [XP12] Dataref not found: 'sim/aircraft/limits/Vno'
[   43.3s] [XP12] [XP12] Dataref not found: 'sim/aircraft/limits/Vne'
[   43.3s] [XP12] [XP12] Dataref not found: 'sim/aircraft/limits/Vfe'
[   43.4s] [XP12] [XP12] Dataref not found: 'sim/aircraft/limits/Vle'
[   43.4s] [XP12] [XP12] Dataref not found: 'sim/weather/cloud_base_msl_m'
[   43.4s] [Idle] GS=0.0kt IAS=-7.2kt VS=0fpm AGL=0ft Bnk=-0.7° Pit=2.7° Hdg=235° Gn=1.00 Gl=0.00 Ga=-0.05 Sink=0.000m Skid=0.000 Thr=0.00 Flp=0.00 Sbk=0.00 Wind=0kt@0° Xpdr=0 AP=False GS=0.00dot LOC=0.00dot
[   44.4s] [XP12] [XP12] Dataref not found: 'sim/flightmodel/misc/stall_warning'
[   44.4s] [XP12] [XP12] Dataref not found: 'sim/flightmodel2/gear/tire_sink_depth'
[   44.4s] [XP12] [XP12] Dataref not found: 'sim/weather/aircraft_wind_speed_kt'
[   44.5s] [XP12] [XP12] Dataref not found: 'sim/weather/aircraft_wind_direction_degt'
[   44.5s] [XP12] [XP12] Dataref not found: 'sim/flightmodel2/gear/tire_skid'
[   44.5s] [XP12] [XP12] Dataref not found: 'sim/aircraft/limits/Vso'
[   44.5s] [XP12] [XP12] Dataref not found: 'sim/aircraft/limits/Vno'
[   44.5s] [XP12] [XP12] Dataref not found: 'sim/aircraft/limits/Vne'
[   44.5s] [XP12] [XP12] Dataref not found: 'sim/aircraft/limits/Vfe'
[   44.6s] [XP12] [XP12] Dataref not found: 'sim/aircraft/limits/Vle'
[   44.6s] [XP12] [XP12] Dataref not found: 'sim/weather/cloud_base_msl_m'
[   44.6s] [Idle] GS=0.0kt IAS=-6.0kt VS=0fpm AGL=0ft Bnk=-0.7° Pit=2.7° Hdg=235° Gn=1.00 Gl=0.00 Ga=-0.05 Sink=0.000m Skid=0.000 Thr=0.00 Flp=0.00 Sbk=0.00 Wind=0kt@0° Xpdr=0 AP=False GS=0.00dot LOC=0.00dot
[   45.6s] [XP12] [XP12] Dataref not found: 'sim/flightmodel/misc/stall_warning'
[   45.6s] [XP12] [XP12] Dataref not found: 'sim/flightmodel2/gear/tire_sink_depth'
[   45.6s] [XP12] [XP12] Dataref not found: 'sim/weather/aircraft_wind_speed_kt'
[   45.7s] [XP12] [XP12] Dataref not found: 'sim/weather/aircraft_wind_direction_degt'
[   45.7s] [XP12] [XP12] Dataref not found: 'sim/flightmodel2/gear/tire_skid'
[   45.7s] [XP12] [XP12] Dataref not found: 'sim/aircraft/limits/Vso'
[   45.7s] [XP12] [XP12] Dataref not found: 'sim/aircraft/limits/Vno'
[   45.7s] [XP12] [XP12] Dataref not found: 'sim/aircraft/limits/Vne'
[   45.7s] [XP12] [XP12] Dataref not found: 'sim/aircraft/limits/Vfe'
[   45.8s] [XP12] [XP12] Dataref not found: 'sim/aircraft/limits/Vle'
[   45.8s] [XP12] [XP12] Dataref not found: 'sim/weather/cloud_base_msl_m'
[   45.8s] [Idle] GS=0.0kt IAS=-6.5kt VS=0fpm AGL=0ft Bnk=-0.7° Pit=2.7° Hdg=235° Gn=1.00 Gl=0.00 Ga=-0.05 Sink=0.000m Skid=0.000 Thr=0.00 Flp=0.00 Sbk=0.00 Wind=0kt@0° Xpdr=0 AP=False GS=0.00dot LOC=0.00dot
[   46.8s] [XP12] [XP12] Dataref not found: 'sim/flightmodel/misc/stall_warning'
[   46.8s] [XP12] [XP12] Dataref not found: 'sim/flightmodel2/gear/tire_sink_depth'
[   46.9s] [XP12] [XP12] Dataref not found: 'sim/weather/aircraft_wind_speed_kt'
[   46.9s] [XP12] [XP12] Dataref not found: 'sim/weather/aircraft_wind_direction_degt'
[   46.9s] [XP12] [XP12] Dataref not found: 'sim/flightmodel2/gear/tire_skid'
[   46.9s] [XP12] [XP12] Dataref not found: 'sim/aircraft/limits/Vso'
[   46.9s] [XP12] [XP12] Dataref not found: 'sim/aircraft/limits/Vno'
[   46.9s] [XP12] [XP12] Dataref not found: 'sim/aircraft/limits/Vne'
[   47.0s] [XP12] [XP12] Dataref not found: 'sim/aircraft/limits/Vfe'
[   47.0s] [XP12] [XP12] Dataref not found: 'sim/aircraft/limits/Vle'
[   47.0s] [XP12] [XP12] Dataref not found: 'sim/weather/cloud_base_msl_m'
[   47.0s] [Idle] GS=0.0kt IAS=-7.0kt VS=0fpm AGL=0ft Bnk=-0.7° Pit=2.7° Hdg=235° Gn=1.00 Gl=0.00 Ga=-0.05 Sink=0.000m Skid=0.000 Thr=0.00 Flp=0.00 Sbk=0.00 Wind=0kt@0° Xpdr=0 AP=False GS=0.00dot LOC=0.00dot
[   48.0s] [XP12] [XP12] Dataref not found: 'sim/flightmodel/misc/stall_warning'
[   48.0s] [XP12] [XP12] Dataref not found: 'sim/flightmodel2/gear/tire_sink_depth'
[   48.1s] [XP12] [XP12] Dataref not found: 'sim/weather/aircraft_wind_speed_kt'
[   48.1s] [XP12] [XP12] Dataref not found: 'sim/weather/aircraft_wind_direction_degt'
[   48.1s] [XP12] [XP12] Dataref not found: 'sim/flightmodel2/gear/tire_skid'
[   48.1s] [XP12] [XP12] Dataref not found: 'sim/aircraft/limits/Vso'
[   48.1s] [XP12] [XP12] Dataref not found: 'sim/aircraft/limits/Vno'
[   48.1s] [XP12] [XP12] Dataref not found: 'sim/aircraft/limits/Vne'
[   48.2s] [XP12] [XP12] Dataref not found: 'sim/aircraft/limits/Vfe'
[   48.2s] [XP12] [XP12] Dataref not found: 'sim/aircraft/limits/Vle'
[   48.2s] [XP12] [XP12] Dataref not found: 'sim/weather/cloud_base_msl_m'
[   48.2s] [Idle] GS=0.0kt IAS=-7.4kt VS=0fpm AGL=0ft Bnk=-0.7° Pit=2.7° Hdg=235° Gn=1.00 Gl=0.00 Ga=-0.05 Sink=0.000m Skid=0.000 Thr=0.00 Flp=0.00 Sbk=0.00 Wind=0kt@0° Xpdr=0 AP=False GS=0.00dot LOC=0.00dot
[   49.2s] [XP12] [XP12] Dataref not found: 'sim/flightmodel/misc/stall_warning'
[   49.2s] [XP12] [XP12] Dataref not found: 'sim/flightmodel2/gear/tire_sink_depth'
[   49.2s] [XP12] [XP12] Dataref not found: 'sim/weather/aircraft_wind_speed_kt'
[   49.3s] [XP12] [XP12] Dataref not found: 'sim/weather/aircraft_wind_direction_degt'
[   49.3s] [XP12] [XP12] Dataref not found: 'sim/flightmodel2/gear/tire_skid'
[   49.3s] [XP12] [XP12] Dataref not found: 'sim/aircraft/limits/Vso'
[   49.3s] [XP12] [XP12] Dataref not found: 'sim/aircraft/limits/Vno'
[   49.3s] [XP12] [XP12] Dataref not found: 'sim/aircraft/limits/Vne'
[   49.3s] [XP12] [XP12] Dataref not found: 'sim/aircraft/limits/Vfe'
[   49.4s] [XP12] [XP12] Dataref not found: 'sim/aircraft/limits/Vle'
[   49.4s] [XP12] [XP12] Dataref not found: 'sim/weather/cloud_base_msl_m'
[   49.4s] [Idle] GS=0.0kt IAS=-7.6kt VS=0fpm AGL=0ft Bnk=-0.7° Pit=2.7° Hdg=235° Gn=1.00 Gl=0.00 Ga=-0.05 Sink=0.000m Skid=0.000 Thr=0.00 Flp=0.00 Sbk=0.00 Wind=0kt@0° Xpdr=0 AP=False GS=0.00dot LOC=0.00dot
[   50.4s] [XP12] [XP12] Dataref not found: 'sim/flightmodel/misc/stall_warning'
[   50.4s] [XP12] [XP12] Dataref not found: 'sim/flightmodel2/gear/tire_sink_depth'
[   50.5s] [XP12] [XP12] Dataref not found: 'sim/weather/aircraft_wind_speed_kt'
[   50.5s] [XP12] [XP12] Dataref not found: 'sim/weather/aircraft_wind_direction_degt'
[   50.5s] [XP12] [XP12] Dataref not found: 'sim/flightmodel2/gear/tire_skid'
[   50.5s] [XP12] [XP12] Dataref not found: 'sim/aircraft/limits/Vso'
[   50.5s] [XP12] [XP12] Dataref not found: 'sim/aircraft/limits/Vno'
[   50.5s] [XP12] [XP12] Dataref not found: 'sim/aircraft/limits/Vne'
[   50.6s] [XP12] [XP12] Dataref not found: 'sim/aircraft/limits/Vfe'
[   50.6s] [XP12] [XP12] Dataref not found: 'sim/aircraft/limits/Vle'
[   50.6s] [XP12] [XP12] Dataref not found: 'sim/weather/cloud_base_msl_m'
[   50.6s] [Idle] GS=0.0kt IAS=-7.5kt VS=0fpm AGL=0ft Bnk=-0.7° Pit=2.7° Hdg=235° Gn=1.00 Gl=0.00 Ga=-0.05 Sink=0.000m Skid=0.000 Thr=0.00 Flp=0.00 Sbk=0.00 Wind=0kt@0° Xpdr=0 AP=False GS=0.00dot LOC=0.00dot
[   51.6s] [XP12] [XP12] Dataref not found: 'sim/flightmodel/misc/stall_warning'
[   51.6s] [XP12] [XP12] Dataref not found: 'sim/flightmodel2/gear/tire_sink_depth'
[   51.6s] [XP12] [XP12] Dataref not found: 'sim/weather/aircraft_wind_speed_kt'
[   51.7s] [XP12] [XP12] Dataref not found: 'sim/weather/aircraft_wind_direction_degt'
[   51.7s] [XP12] [XP12] Dataref not found: 'sim/flightmodel2/gear/tire_skid'
[   51.7s] [XP12] [XP12] Dataref not found: 'sim/aircraft/limits/Vso'
[   51.7s] [XP12] [XP12] Dataref not found: 'sim/aircraft/limits/Vno'
[   51.7s] [XP12] [XP12] Dataref not found: 'sim/aircraft/limits/Vne'
[   51.7s] [XP12] [XP12] Dataref not found: 'sim/aircraft/limits/Vfe'
[   51.8s] [XP12] [XP12] Dataref not found: 'sim/aircraft/limits/Vle'
[   51.8s] [XP12] [XP12] Dataref not found: 'sim/weather/cloud_base_msl_m'
[   51.8s] [Idle] GS=0.0kt IAS=-6.9kt VS=0fpm AGL=0ft Bnk=-0.7° Pit=2.7° Hdg=235° Gn=1.00 Gl=0.00 Ga=-0.05 Sink=0.000m Skid=0.000 Thr=0.00 Flp=0.00 Sbk=0.00 Wind=0kt@0° Xpdr=0 AP=False GS=0.00dot LOC=0.00dot
[   52.8s] [XP12] [XP12] Dataref not found: 'sim/flightmodel/misc/stall_warning'
[   52.8s] [XP12] [XP12] Dataref not found: 'sim/flightmodel2/gear/tire_sink_depth'
[   52.8s] [XP12] [XP12] Dataref not found: 'sim/weather/aircraft_wind_speed_kt'
[   52.9s] [XP12] [XP12] Dataref not found: 'sim/weather/aircraft_wind_direction_degt'
[   52.9s] [XP12] [XP12] Dataref not found: 'sim/flightmodel2/gear/tire_skid'
[   52.9s] [XP12] [XP12] Dataref not found: 'sim/aircraft/limits/Vso'
[   52.9s] [XP12] [XP12] Dataref not found: 'sim/aircraft/limits/Vno'
[   52.9s] [XP12] [XP12] Dataref not found: 'sim/aircraft/limits/Vne'
[   52.9s] [XP12] [XP12] Dataref not found: 'sim/aircraft/limits/Vfe'
[   53.0s] [XP12] [XP12] Dataref not found: 'sim/aircraft/limits/Vle'
[   53.0s] [XP12] [XP12] Dataref not found: 'sim/weather/cloud_base_msl_m'
[   53.0s] [Idle] GS=0.0kt IAS=-5.3kt VS=0fpm AGL=0ft Bnk=-0.7° Pit=2.7° Hdg=235° Gn=1.00 Gl=0.00 Ga=-0.05 Sink=0.000m Skid=0.000 Thr=0.00 Flp=0.00 Sbk=0.00 Wind=0kt@0° Xpdr=0 AP=False GS=0.00dot LOC=0.00dot
[   54.0s] [XP12] [XP12] Dataref not found: 'sim/flightmodel/misc/stall_warning'
[   54.0s] [XP12] [XP12] Dataref not found: 'sim/flightmodel2/gear/tire_sink_depth'
[   54.1s] [XP12] [XP12] Dataref not found: 'sim/weather/aircraft_wind_speed_kt'
[   54.1s] [XP12] [XP12] Dataref not found: 'sim/weather/aircraft_wind_direction_degt'
[   54.1s] [XP12] [XP12] Dataref not found: 'sim/flightmodel2/gear/tire_skid'
[   54.1s] [XP12] [XP12] Dataref not found: 'sim/aircraft/limits/Vso'
[   54.2s] [XP12] [XP12] Dataref not found: 'sim/aircraft/limits/Vno'
[   54.2s] [XP12] [XP12] Dataref not found: 'sim/aircraft/limits/Vne'
[   54.2s] [XP12] [XP12] Dataref not found: 'sim/aircraft/limits/Vfe'
[   54.2s] [XP12] [XP12] Dataref not found: 'sim/aircraft/limits/Vle'
[   54.2s] [XP12] [XP12] Dataref not found: 'sim/weather/cloud_base_msl_m'
[   54.2s] [Idle] GS=0.1kt IAS=-4.1kt VS=0fpm AGL=0ft Bnk=-0.6° Pit=2.3° Hdg=235° Gn=0.99 Gl=0.00 Ga=-0.02 Sink=0.000m Skid=0.000 Thr=0.01 Flp=0.00 Sbk=0.00 Wind=0kt@0° Xpdr=3 AP=True GS=0.00dot LOC=0.00dot
[   55.3s] [XP12] [XP12] Dataref not found: 'sim/flightmodel/misc/stall_warning'
[   55.3s] [XP12] [XP12] Dataref not found: 'sim/flightmodel2/gear/tire_sink_depth'
[   55.3s] [XP12] [XP12] Dataref not found: 'sim/weather/aircraft_wind_speed_kt'
[   55.3s] [XP12] [XP12] Dataref not found: 'sim/weather/aircraft_wind_direction_degt'
[   55.3s] [XP12] [XP12] Dataref not found: 'sim/flightmodel2/gear/tire_skid'
[   55.4s] [XP12] [XP12] Dataref not found: 'sim/aircraft/limits/Vso'
[   55.4s] [XP12] [XP12] Dataref not found: 'sim/aircraft/limits/Vno'
[   55.4s] [XP12] [XP12] Dataref not found: 'sim/aircraft/limits/Vne'
[   55.4s] [XP12] [XP12] Dataref not found: 'sim/aircraft/limits/Vfe'
[   55.4s] [XP12] [XP12] Dataref not found: 'sim/aircraft/limits/Vle'
[   55.5s] [XP12] [XP12] Dataref not found: 'sim/weather/cloud_base_msl_m'
[   55.5s] [Idle] GS=0.0kt IAS=-4.2kt VS=0fpm AGL=0ft Bnk=-0.7° Pit=2.5° Hdg=235° Gn=0.99 Gl=0.00 Ga=-0.04 Sink=0.000m Skid=0.000 Thr=0.01 Flp=0.00 Sbk=0.00 Wind=0kt@0° Xpdr=1 AP=True GS=0.00dot LOC=0.00dot
[   56.5s] [XP12] [XP12] Dataref not found: 'sim/flightmodel/misc/stall_warning'
[   56.5s] [XP12] [XP12] Dataref not found: 'sim/flightmodel2/gear/tire_sink_depth'
[   56.5s] [XP12] [XP12] Dataref not found: 'sim/weather/aircraft_wind_speed_kt'
[   56.5s] [XP12] [XP12] Dataref not found: 'sim/weather/aircraft_wind_direction_degt'
[   56.6s] [XP12] [XP12] Dataref not found: 'sim/flightmodel2/gear/tire_skid'
[   56.6s] [XP12] [XP12] Dataref not found: 'sim/aircraft/limits/Vso'
[   56.6s] [XP12] [XP12] Dataref not found: 'sim/aircraft/limits/Vno'
[   56.6s] [XP12] [XP12] Dataref not found: 'sim/aircraft/limits/Vne'
[   56.6s] [XP12] [XP12] Dataref not found: 'sim/aircraft/limits/Vfe'
[   56.7s] [XP12] [XP12] Dataref not found: 'sim/aircraft/limits/Vle'
[   56.7s] [XP12] [XP12] Dataref not found: 'sim/weather/cloud_base_msl_m'
[   56.7s] [Idle] GS=0.0kt IAS=-4.3kt VS=-0fpm AGL=0ft Bnk=-0.7° Pit=2.5° Hdg=235° Gn=1.00 Gl=0.00 Ga=-0.04 Sink=0.000m Skid=0.000 Thr=0.01 Flp=0.00 Sbk=0.00 Wind=0kt@0° Xpdr=1 AP=True GS=0.00dot LOC=0.00dot
[   57.7s] [XP12] [XP12] Dataref not found: 'sim/flightmodel/misc/stall_warning'
[   57.7s] [XP12] [XP12] Dataref not found: 'sim/flightmodel2/gear/tire_sink_depth'
[   57.8s] [XP12] [XP12] Dataref not found: 'sim/weather/aircraft_wind_speed_kt'
[   57.8s] [XP12] [XP12] Dataref not found: 'sim/weather/aircraft_wind_direction_degt'
[   57.8s] [XP12] [XP12] Dataref not found: 'sim/flightmodel2/gear/tire_skid'
[   57.8s] [XP12] [XP12] Dataref not found: 'sim/aircraft/limits/Vso'
[   57.8s] [XP12] [XP12] Dataref not found: 'sim/aircraft/limits/Vno'
[   57.9s] [XP12] [XP12] Dataref not found: 'sim/aircraft/limits/Vne'
[   57.9s] [XP12] [XP12] Dataref not found: 'sim/aircraft/limits/Vfe'
[   57.9s] [XP12] [XP12] Dataref not found: 'sim/aircraft/limits/Vle'
[   57.9s] [XP12] [XP12] Dataref not found: 'sim/weather/cloud_base_msl_m'
[   57.9s] [Idle] GS=0.0kt IAS=-4.3kt VS=0fpm AGL=0ft Bnk=-0.7° Pit=2.5° Hdg=235° Gn=1.00 Gl=0.00 Ga=-0.04 Sink=0.000m Skid=0.000 Thr=0.01 Flp=0.00 Sbk=0.00 Wind=0kt@0° Xpdr=1 AP=True GS=0.00dot LOC=0.00dot
[   58.9s] [XP12] [XP12] Dataref not found: 'sim/flightmodel/misc/stall_warning'
[   59.0s] [XP12] [XP12] Dataref not found: 'sim/flightmodel2/gear/tire_sink_depth'
[   59.0s] [XP12] [XP12] Dataref not found: 'sim/weather/aircraft_wind_speed_kt'
[   59.0s] [XP12] [XP12] Dataref not found: 'sim/weather/aircraft_wind_direction_degt'
[   59.0s] [XP12] [XP12] Dataref not found: 'sim/flightmodel2/gear/tire_skid'
[   59.1s] [XP12] [XP12] Dataref not found: 'sim/aircraft/limits/Vso'
[   59.1s] [XP12] [XP12] Dataref not found: 'sim/aircraft/limits/Vno'
[   59.1s] [XP12] [XP12] Dataref not found: 'sim/aircraft/limits/Vne'
[   59.1s] [XP12] [XP12] Dataref not found: 'sim/aircraft/limits/Vfe'
[   59.1s] [XP12] [XP12] Dataref not found: 'sim/aircraft/limits/Vle'
[   59.1s] [XP12] [XP12] Dataref not found: 'sim/weather/cloud_base_msl_m'
[   59.2s] [Idle] GS=0.0kt IAS=-4.3kt VS=0fpm AGL=0ft Bnk=-0.7° Pit=2.5° Hdg=235° Gn=1.00 Gl=0.00 Ga=-0.05 Sink=0.000m Skid=0.000 Thr=0.41 Flp=0.00 Sbk=0.00 Wind=0kt@0° Xpdr=1 AP=True GS=0.00dot LOC=0.00dot
[   60.2s] [XP12] [XP12] Dataref not found: 'sim/flightmodel/misc/stall_warning'
[   60.2s] [XP12] [XP12] Dataref not found: 'sim/flightmodel2/gear/tire_sink_depth'
[   60.2s] [XP12] [XP12] Dataref not found: 'sim/weather/aircraft_wind_speed_kt'
[   60.2s] [XP12] [XP12] Dataref not found: 'sim/weather/aircraft_wind_direction_degt'
[   60.3s] [XP12] [XP12] Dataref not found: 'sim/flightmodel2/gear/tire_skid'
[   60.3s] [XP12] [XP12] Dataref not found: 'sim/aircraft/limits/Vso'
[   60.3s] [XP12] [XP12] Dataref not found: 'sim/aircraft/limits/Vno'
[   60.3s] [XP12] [XP12] Dataref not found: 'sim/aircraft/limits/Vne'
[   60.3s] [XP12] [XP12] Dataref not found: 'sim/aircraft/limits/Vfe'
[   60.3s] [XP12] [XP12] Dataref not found: 'sim/aircraft/limits/Vle'
[   60.4s] [XP12] [XP12] Dataref not found: 'sim/weather/cloud_base_msl_m'
[   60.4s] [Idle] GS=0.0kt IAS=-4.5kt VS=0fpm AGL=0ft Bnk=-0.7° Pit=2.4° Hdg=235° Gn=1.00 Gl=0.00 Ga=-0.04 Sink=0.000m Skid=0.000 Thr=0.45 Flp=0.00 Sbk=0.00 Wind=0kt@0° Xpdr=1 AP=True GS=0.00dot LOC=0.00dot
[   61.4s] [XP12] [XP12] Dataref not found: 'sim/flightmodel/misc/stall_warning'
[   61.4s] [XP12] [XP12] Dataref not found: 'sim/flightmodel2/gear/tire_sink_depth'
[   61.4s] [XP12] [XP12] Dataref not found: 'sim/weather/aircraft_wind_speed_kt'
[   61.4s] [XP12] [XP12] Dataref not found: 'sim/weather/aircraft_wind_direction_degt'
[   61.5s] [XP12] [XP12] Dataref not found: 'sim/flightmodel2/gear/tire_skid'
[   61.5s] [XP12] [XP12] Dataref not found: 'sim/aircraft/limits/Vso'
[   61.5s] [XP12] [XP12] Dataref not found: 'sim/aircraft/limits/Vno'
[   61.5s] [XP12] [XP12] Dataref not found: 'sim/aircraft/limits/Vne'
[   61.5s] [XP12] [XP12] Dataref not found: 'sim/aircraft/limits/Vfe'
[   61.6s] [XP12] [XP12] Dataref not found: 'sim/aircraft/limits/Vle'
[   61.6s] [XP12] [XP12] Dataref not found: 'sim/weather/cloud_base_msl_m'
[   61.6s] [Idle] GS=0.0kt IAS=-4.6kt VS=0fpm AGL=0ft Bnk=-0.7° Pit=2.3° Hdg=235° Gn=1.00 Gl=0.00 Ga=-0.04 Sink=0.000m Skid=0.000 Thr=0.45 Flp=0.00 Sbk=0.00 Wind=0kt@0° Xpdr=1 AP=True GS=0.00dot LOC=0.00dot
[   62.6s] [XP12] [XP12] Dataref not found: 'sim/flightmodel/misc/stall_warning'
[   62.6s] [XP12] [XP12] Dataref not found: 'sim/flightmodel2/gear/tire_sink_depth'
[   62.7s] [XP12] [XP12] Dataref not found: 'sim/weather/aircraft_wind_speed_kt'
[   62.7s] [XP12] [XP12] Dataref not found: 'sim/weather/aircraft_wind_direction_degt'
[   62.7s] [XP12] [XP12] Dataref not found: 'sim/flightmodel2/gear/tire_skid'
[   62.7s] [XP12] [XP12] Dataref not found: 'sim/aircraft/limits/Vso'
[   62.7s] [XP12] [XP12] Dataref not found: 'sim/aircraft/limits/Vno'
[   62.7s] [XP12] [XP12] Dataref not found: 'sim/aircraft/limits/Vne'
[   62.8s] [XP12] [XP12] Dataref not found: 'sim/aircraft/limits/Vfe'
[   62.8s] [XP12] [XP12] Dataref not found: 'sim/aircraft/limits/Vle'
[   62.8s] [XP12] [XP12] Dataref not found: 'sim/weather/cloud_base_msl_m'
[   62.8s] [Idle] GS=0.9kt IAS=-4.6kt VS=0fpm AGL=0ft Bnk=-0.7° Pit=2.1° Hdg=235° Gn=0.98 Gl=-0.01 Ga=-0.28 Sink=0.000m Skid=0.000 Thr=0.45 Flp=0.00 Sbk=0.00 Wind=0kt@0° Xpdr=1 AP=True GS=0.00dot LOC=0.00dot
[   63.8s] [XP12] [XP12] Dataref not found: 'sim/flightmodel/misc/stall_warning'
[   63.9s] [XP12] [XP12] Dataref not found: 'sim/flightmodel2/gear/tire_sink_depth'
[   63.9s] [XP12] [XP12] Dataref not found: 'sim/weather/aircraft_wind_speed_kt'
[   63.9s] [XP12] [XP12] Dataref not found: 'sim/weather/aircraft_wind_direction_degt'
[   63.9s] [XP12] [XP12] Dataref not found: 'sim/flightmodel2/gear/tire_skid'
[   63.9s] [XP12] [XP12] Dataref not found: 'sim/aircraft/limits/Vso'
[   64.0s] [XP12] [XP12] Dataref not found: 'sim/aircraft/limits/Vno'
[   64.0s] [XP12] [XP12] Dataref not found: 'sim/aircraft/limits/Vne'
[   64.0s] [XP12] [XP12] Dataref not found: 'sim/aircraft/limits/Vfe'
[   64.0s] [XP12] [XP12] Dataref not found: 'sim/aircraft/limits/Vle'
[   64.0s] [XP12] [XP12] Dataref not found: 'sim/weather/cloud_base_msl_m'
[   64.1s] Phase → Taxiing  GPS=(35.02055,-80.62047)
[   64.1s] [Taxiing] GS=5.8kt IAS=-2.3kt VS=0fpm AGL=0ft Bnk=-0.5° Pit=2.2° Hdg=224° Gn=0.99 Gl=-0.10 Ga=-0.26 Sink=0.000m Skid=0.000 Thr=0.39 Flp=0.00 Sbk=0.00 Wind=0kt@0° Xpdr=1 AP=True GS=0.00dot LOC=0.00dot
[   65.1s] [XP12] [XP12] Dataref not found: 'sim/flightmodel/misc/stall_warning'
[   65.1s] [XP12] [XP12] Dataref not found: 'sim/flightmodel2/gear/tire_sink_depth'
[   65.1s] [XP12] [XP12] Dataref not found: 'sim/weather/aircraft_wind_speed_kt'
[   65.1s] [XP12] [XP12] Dataref not found: 'sim/weather/aircraft_wind_direction_degt'
[   65.1s] [XP12] [XP12] Dataref not found: 'sim/flightmodel2/gear/tire_skid'
[   65.2s] [XP12] [XP12] Dataref not found: 'sim/aircraft/limits/Vso'
[   65.2s] [XP12] [XP12] Dataref not found: 'sim/aircraft/limits/Vno'
[   65.2s] [XP12] [XP12] Dataref not found: 'sim/aircraft/limits/Vne'
[   65.2s] [XP12] [XP12] Dataref not found: 'sim/aircraft/limits/Vfe'
[   65.3s] [XP12] [XP12] Dataref not found: 'sim/aircraft/limits/Vle'
[   65.3s] [XP12] [XP12] Dataref not found: 'sim/weather/cloud_base_msl_m'
[   65.3s] [Taxiing] GS=11.5kt IAS=1.3kt VS=-0fpm AGL=0ft Bnk=-0.2° Pit=2.2° Hdg=204° Gn=0.99 Gl=-0.17 Ga=-0.25 Sink=0.000m Skid=0.000 Thr=0.35 Flp=0.00 Sbk=0.00 Wind=0kt@0° Xpdr=1 AP=True GS=0.00dot LOC=0.00dot
[   66.3s] [XP12] [XP12] Dataref not found: 'sim/flightmodel/misc/stall_warning'
[   66.3s] [XP12] [XP12] Dataref not found: 'sim/flightmodel2/gear/tire_sink_depth'
[   66.3s] [XP12] [XP12] Dataref not found: 'sim/weather/aircraft_wind_speed_kt'
[   66.4s] [XP12] [XP12] Dataref not found: 'sim/weather/aircraft_wind_direction_degt'
[   66.4s] [XP12] [XP12] Dataref not found: 'sim/flightmodel2/gear/tire_skid'
[   66.4s] [XP12] [XP12] Dataref not found: 'sim/aircraft/limits/Vso'
[   66.4s] [XP12] [XP12] Dataref not found: 'sim/aircraft/limits/Vno'
[   66.4s] [XP12] [XP12] Dataref not found: 'sim/aircraft/limits/Vne'
[   66.4s] [XP12] [XP12] Dataref not found: 'sim/aircraft/limits/Vfe'
[   66.5s] [XP12] [XP12] Dataref not found: 'sim/aircraft/limits/Vle'
[   66.5s] [XP12] [XP12] Dataref not found: 'sim/weather/cloud_base_msl_m'
[   66.5s] [Taxiing] GS=15.3kt IAS=5.1kt VS=-0fpm AGL=0ft Bnk=0.3° Pit=2.0° Hdg=180° Gn=0.99 Gl=-0.28 Ga=-0.20 Sink=0.000m Skid=0.000 Thr=0.27 Flp=0.00 Sbk=0.00 Wind=0kt@0° Xpdr=1 AP=True GS=0.00dot LOC=0.00dot
[   67.5s] [XP12] [XP12] Dataref not found: 'sim/flightmodel/misc/stall_warning'
[   67.5s] [XP12] [XP12] Dataref not found: 'sim/flightmodel2/gear/tire_sink_depth'
[   67.6s] [XP12] [XP12] Dataref not found: 'sim/weather/aircraft_wind_speed_kt'
[   67.6s] [XP12] [XP12] Dataref not found: 'sim/weather/aircraft_wind_direction_degt'
[   67.6s] [XP12] [XP12] Dataref not found: 'sim/flightmodel2/gear/tire_skid'
[   67.6s] [XP12] [XP12] Dataref not found: 'sim/aircraft/limits/Vso'
[   67.6s] [XP12] [XP12] Dataref not found: 'sim/aircraft/limits/Vno'
[   67.7s] [XP12] [XP12] Dataref not found: 'sim/aircraft/limits/Vne'
[   67.7s] [XP12] [XP12] Dataref not found: 'sim/aircraft/limits/Vfe'
[   67.7s] [XP12] [XP12] Dataref not found: 'sim/aircraft/limits/Vle'
[   67.7s] [XP12] [XP12] Dataref not found: 'sim/weather/cloud_base_msl_m'
[   67.7s] [Taxiing] GS=17.6kt IAS=10.6kt VS=1fpm AGL=0ft Bnk=0.8° Pit=2.0° Hdg=151° Gn=1.00 Gl=-0.43 Ga=-0.11 Sink=0.000m Skid=0.000 Thr=0.10 Flp=0.00 Sbk=0.00 Wind=0kt@0° Xpdr=1 AP=True GS=0.00dot LOC=0.00dot
[   68.8s] [XP12] [XP12] Dataref not found: 'sim/flightmodel/misc/stall_warning'
[   68.8s] [XP12] [XP12] Dataref not found: 'sim/flightmodel2/gear/tire_sink_depth'
[   68.8s] [XP12] [XP12] Dataref not found: 'sim/weather/aircraft_wind_speed_kt'
[   68.8s] [XP12] [XP12] Dataref not found: 'sim/weather/aircraft_wind_direction_degt'
[   68.8s] [XP12] [XP12] Dataref not found: 'sim/flightmodel2/gear/tire_skid'
[   68.8s] [XP12] [XP12] Dataref not found: 'sim/aircraft/limits/Vso'
[   68.9s] [XP12] [XP12] Dataref not found: 'sim/aircraft/limits/Vno'
[   68.9s] [XP12] [XP12] Dataref not found: 'sim/aircraft/limits/Vne'
[   68.9s] [XP12] [XP12] Dataref not found: 'sim/aircraft/limits/Vfe'
[   68.9s] [XP12] [XP12] Dataref not found: 'sim/aircraft/limits/Vle'
[   68.9s] [XP12] [XP12] Dataref not found: 'sim/weather/cloud_base_msl_m'
[   69.0s] [Taxiing] GS=19.2kt IAS=16.4kt VS=0fpm AGL=0ft Bnk=1.0° Pit=1.9° Hdg=119° Gn=0.99 Gl=-0.41 Ga=-0.13 Sink=0.000m Skid=0.000 Thr=0.20 Flp=0.00 Sbk=0.00 Wind=0kt@0° Xpdr=1 AP=True GS=0.00dot LOC=0.00dot
[   70.0s] [XP12] [XP12] Dataref not found: 'sim/flightmodel/misc/stall_warning'
[   70.0s] [XP12] [XP12] Dataref not found: 'sim/flightmodel2/gear/tire_sink_depth'
[   70.0s] [XP12] [XP12] Dataref not found: 'sim/weather/aircraft_wind_speed_kt'
[   70.0s] [XP12] [XP12] Dataref not found: 'sim/weather/aircraft_wind_direction_degt'
[   70.0s] [XP12] [XP12] Dataref not found: 'sim/flightmodel2/gear/tire_skid'
[   70.1s] [XP12] [XP12] Dataref not found: 'sim/aircraft/limits/Vso'
[   70.1s] [XP12] [XP12] Dataref not found: 'sim/aircraft/limits/Vno'
[   70.1s] [XP12] [XP12] Dataref not found: 'sim/aircraft/limits/Vne'
[   70.1s] [XP12] [XP12] Dataref not found: 'sim/aircraft/limits/Vfe'
[   70.2s] [XP12] [XP12] Dataref not found: 'sim/aircraft/limits/Vle'
[   70.2s] [XP12] [XP12] Dataref not found: 'sim/weather/cloud_base_msl_m'
[   70.2s] [Taxiing] GS=20.5kt IAS=22.1kt VS=-4fpm AGL=0ft Bnk=1.3° Pit=2.2° Hdg=91° Gn=0.99 Gl=-0.43 Ga=-0.12 Sink=0.000m Skid=0.000 Thr=0.04 Flp=0.00 Sbk=0.00 Wind=0kt@0° Xpdr=1 AP=True GS=0.00dot LOC=0.00dot
[   71.2s] [XP12] [XP12] Dataref not found: 'sim/flightmodel/misc/stall_warning'
[   71.2s] [XP12] [XP12] Dataref not found: 'sim/flightmodel2/gear/tire_sink_depth'
[   71.3s] [XP12] [XP12] Dataref not found: 'sim/weather/aircraft_wind_speed_kt'
[   71.3s] [XP12] [XP12] Dataref not found: 'sim/weather/aircraft_wind_direction_degt'
[   71.3s] [XP12] [XP12] Dataref not found: 'sim/flightmodel2/gear/tire_skid'
[   71.3s] [XP12] [XP12] Dataref not found: 'sim/aircraft/limits/Vso'
[   71.3s] [XP12] [XP12] Dataref not found: 'sim/aircraft/limits/Vno'
[   71.3s] [XP12] [XP12] Dataref not found: 'sim/aircraft/limits/Vne'
[   71.4s] [XP12] [XP12] Dataref not found: 'sim/aircraft/limits/Vfe'
[   71.4s] [XP12] [XP12] Dataref not found: 'sim/aircraft/limits/Vle'
[   71.4s] [XP12] [XP12] Dataref not found: 'sim/weather/cloud_base_msl_m'
[   71.4s] [Taxiing] GS=21.7kt IAS=25.9kt VS=-1fpm AGL=0ft Bnk=0.9° Pit=2.6° Hdg=73° Gn=0.99 Gl=-0.18 Ga=-0.10 Sink=0.000m Skid=0.000 Thr=0.04 Flp=0.00 Sbk=0.00 Wind=0kt@0° Xpdr=1 AP=True GS=0.00dot LOC=0.00dot
[   72.4s] [XP12] [XP12] Dataref not found: 'sim/flightmodel/misc/stall_warning'
[   72.5s] [XP12] [XP12] Dataref not found: 'sim/flightmodel2/gear/tire_sink_depth'
[   72.5s] [XP12] [XP12] Dataref not found: 'sim/weather/aircraft_wind_speed_kt'
[   72.5s] [XP12] [XP12] Dataref not found: 'sim/weather/aircraft_wind_direction_degt'
[   72.5s] [XP12] [XP12] Dataref not found: 'sim/flightmodel2/gear/tire_skid'
[   72.5s] [XP12] [XP12] Dataref not found: 'sim/aircraft/limits/Vso'
[   72.5s] [XP12] [XP12] Dataref not found: 'sim/aircraft/limits/Vno'
[   72.6s] [XP12] [XP12] Dataref not found: 'sim/aircraft/limits/Vne'
[   72.6s] [XP12] [XP12] Dataref not found: 'sim/aircraft/limits/Vfe'
[   72.6s] [XP12] [XP12] Dataref not found: 'sim/aircraft/limits/Vle'
[   72.6s] [XP12] [XP12] Dataref not found: 'sim/weather/cloud_base_msl_m'
[   72.6s] [Taxiing] GS=22.8kt IAS=27.0kt VS=0fpm AGL=0ft Bnk=0.7° Pit=2.3° Hdg=68° Gn=0.99 Gl=-0.06 Ga=-0.08 Sink=0.000m Skid=0.000 Thr=0.04 Flp=0.00 Sbk=0.00 Wind=0kt@0° Xpdr=1 AP=True GS=0.00dot LOC=0.00dot
[   73.7s] [XP12] [XP12] Dataref not found: 'sim/flightmodel/misc/stall_warning'
[   73.7s] [XP12] [XP12] Dataref not found: 'sim/flightmodel2/gear/tire_sink_depth'
[   73.7s] [XP12] [XP12] Dataref not found: 'sim/weather/aircraft_wind_speed_kt'
[   73.7s] [XP12] [XP12] Dataref not found: 'sim/weather/aircraft_wind_direction_degt'
[   73.7s] [XP12] [XP12] Dataref not found: 'sim/flightmodel2/gear/tire_skid'
[   73.8s] [XP12] [XP12] Dataref not found: 'sim/aircraft/limits/Vso'
[   73.8s] [XP12] [XP12] Dataref not found: 'sim/aircraft/limits/Vno'
[   73.8s] [XP12] [XP12] Dataref not found: 'sim/aircraft/limits/Vne'
[   73.8s] [XP12] [XP12] Dataref not found: 'sim/aircraft/limits/Vfe'
[   73.8s] [XP12] [XP12] Dataref not found: 'sim/aircraft/limits/Vle'
[   73.9s] [XP12] [XP12] Dataref not found: 'sim/weather/cloud_base_msl_m'
[   73.9s] [Taxiing] GS=23.5kt IAS=26.9kt VS=-3fpm AGL=0ft Bnk=0.6° Pit=2.5° Hdg=65° Gn=0.99 Gl=-0.11 Ga=-0.06 Sink=0.000m Skid=0.000 Thr=0.04 Flp=0.00 Sbk=0.00 Wind=0kt@0° Xpdr=1 AP=True GS=0.00dot LOC=0.00dot
[   74.9s] [XP12] [XP12] Dataref not found: 'sim/flightmodel/misc/stall_warning'
[   74.9s] [XP12] [XP12] Dataref not found: 'sim/flightmodel2/gear/tire_sink_depth'
[   74.9s] [XP12] [XP12] Dataref not found: 'sim/weather/aircraft_wind_speed_kt'
[   74.9s] [XP12] [XP12] Dataref not found: 'sim/weather/aircraft_wind_direction_degt'
[   75.0s] [XP12] [XP12] Dataref not found: 'sim/flightmodel2/gear/tire_skid'
[   75.0s] [XP12] [XP12] Dataref not found: 'sim/aircraft/limits/Vso'
[   75.0s] [XP12] [XP12] Dataref not found: 'sim/aircraft/limits/Vno'
[   75.0s] [XP12] [XP12] Dataref not found: 'sim/aircraft/limits/Vne'
[   75.0s] [XP12] [XP12] Dataref not found: 'sim/aircraft/limits/Vfe'
[   75.1s] [XP12] [XP12] Dataref not found: 'sim/aircraft/limits/Vle'
[   75.1s] [XP12] [XP12] Dataref not found: 'sim/weather/cloud_base_msl_m'
[   75.1s] [Taxiing] GS=23.9kt IAS=27.4kt VS=-5fpm AGL=0ft Bnk=0.7° Pit=2.6° Hdg=57° Gn=0.99 Gl=-0.11 Ga=-0.06 Sink=0.000m Skid=0.000 Thr=0.04 Flp=0.00 Sbk=0.00 Wind=0kt@0° Xpdr=1 AP=True GS=0.00dot LOC=0.00dot
[   76.1s] [XP12] [XP12] Dataref not found: 'sim/flightmodel/misc/stall_warning'
[   76.1s] [XP12] [XP12] Dataref not found: 'sim/flightmodel2/gear/tire_sink_depth'
[   76.1s] [XP12] [XP12] Dataref not found: 'sim/weather/aircraft_wind_speed_kt'
[   76.2s] [XP12] [XP12] Dataref not found: 'sim/weather/aircraft_wind_direction_degt'
[   76.2s] [XP12] [XP12] Dataref not found: 'sim/flightmodel2/gear/tire_skid'
[   76.2s] [XP12] [XP12] Dataref not found: 'sim/aircraft/limits/Vso'
[   76.2s] [XP12] [XP12] Dataref not found: 'sim/aircraft/limits/Vno'
[   76.2s] [XP12] [XP12] Dataref not found: 'sim/aircraft/limits/Vne'
[   76.3s] [XP12] [XP12] Dataref not found: 'sim/aircraft/limits/Vfe'
[   76.3s] [XP12] [XP12] Dataref not found: 'sim/aircraft/limits/Vle'
[   76.3s] [XP12] [XP12] Dataref not found: 'sim/weather/cloud_base_msl_m'
[   76.3s] [Taxiing] GS=24.2kt IAS=28.2kt VS=-3fpm AGL=0ft Bnk=0.6° Pit=2.7° Hdg=54° Gn=1.00 Gl=-0.04 Ga=-0.06 Sink=0.000m Skid=0.000 Thr=0.00 Flp=0.00 Sbk=0.00 Wind=0kt@0° Xpdr=1 AP=True GS=0.00dot LOC=0.00dot
[   77.3s] [XP12] [XP12] Dataref not found: 'sim/flightmodel/misc/stall_warning'
[   77.4s] [XP12] [XP12] Dataref not found: 'sim/flightmodel2/gear/tire_sink_depth'
[   77.4s] [XP12] [XP12] Dataref not found: 'sim/weather/aircraft_wind_speed_kt'
[   77.4s] [XP12] [XP12] Dataref not found: 'sim/weather/aircraft_wind_direction_degt'
[   77.4s] [XP12] [XP12] Dataref not found: 'sim/flightmodel2/gear/tire_skid'
[   77.4s] [XP12] [XP12] Dataref not found: 'sim/aircraft/limits/Vso'
[   77.5s] [XP12] [XP12] Dataref not found: 'sim/aircraft/limits/Vno'
[   77.5s] [XP12] [XP12] Dataref not found: 'sim/aircraft/limits/Vne'
[   77.5s] [XP12] [XP12] Dataref not found: 'sim/aircraft/limits/Vfe'
[   77.5s] [XP12] [XP12] Dataref not found: 'sim/aircraft/limits/Vle'
[   77.5s] [XP12] [XP12] Dataref not found: 'sim/weather/cloud_base_msl_m'
[   77.6s] [Taxiing] GS=24.5kt IAS=28.4kt VS=-2fpm AGL=0ft Bnk=0.6° Pit=2.8° Hdg=53° Gn=1.01 Gl=-0.02 Ga=-0.05 Sink=0.000m Skid=0.000 Thr=0.00 Flp=0.00 Sbk=0.00 Wind=0kt@0° Xpdr=1 AP=True GS=0.00dot LOC=0.00dot
[   78.6s] [XP12] [XP12] Dataref not found: 'sim/flightmodel/misc/stall_warning'
[   78.6s] [XP12] [XP12] Dataref not found: 'sim/flightmodel2/gear/tire_sink_depth'
[   78.6s] [XP12] [XP12] Dataref not found: 'sim/weather/aircraft_wind_speed_kt'
[   78.6s] [XP12] [XP12] Dataref not found: 'sim/weather/aircraft_wind_direction_degt'
[   78.7s] [XP12] [XP12] Dataref not found: 'sim/flightmodel2/gear/tire_skid'
[   78.7s] [XP12] [XP12] Dataref not found: 'sim/aircraft/limits/Vso'
[   78.7s] [XP12] [XP12] Dataref not found: 'sim/aircraft/limits/Vno'
[   78.7s] [XP12] [XP12] Dataref not found: 'sim/aircraft/limits/Vne'
[   78.7s] [XP12] [XP12] Dataref not found: 'sim/aircraft/limits/Vfe'
[   78.7s] [XP12] [XP12] Dataref not found: 'sim/aircraft/limits/Vle'
[   78.8s] [XP12] [XP12] Dataref not found: 'sim/weather/cloud_base_msl_m'
[   78.8s] [Taxiing] GS=24.5kt IAS=28.3kt VS=2fpm AGL=0ft Bnk=0.5° Pit=2.7° Hdg=54° Gn=0.98 Gl=0.06 Ga=-0.05 Sink=0.000m Skid=0.000 Thr=0.00 Flp=0.00 Sbk=0.00 Wind=0kt@0° Xpdr=1 AP=True GS=0.00dot LOC=0.00dot
[   79.8s] [XP12] [XP12] Dataref not found: 'sim/flightmodel/misc/stall_warning'
[   79.8s] [XP12] [XP12] Dataref not found: 'sim/flightmodel2/gear/tire_sink_depth'
[   79.8s] [XP12] [XP12] Dataref not found: 'sim/weather/aircraft_wind_speed_kt'
[   79.9s] [XP12] [XP12] Dataref not found: 'sim/weather/aircraft_wind_direction_degt'
[   79.9s] [XP12] [XP12] Dataref not found: 'sim/flightmodel2/gear/tire_skid'
[   79.9s] [XP12] [XP12] Dataref not found: 'sim/aircraft/limits/Vso'
[   79.9s] [XP12] [XP12] Dataref not found: 'sim/aircraft/limits/Vno'
[   79.9s] [XP12] [XP12] Dataref not found: 'sim/aircraft/limits/Vne'
[   80.0s] [XP12] [XP12] Dataref not found: 'sim/aircraft/limits/Vfe'
[   80.0s] [XP12] [XP12] Dataref not found: 'sim/aircraft/limits/Vle'
[   80.0s] [XP12] [XP12] Dataref not found: 'sim/weather/cloud_base_msl_m'
[   80.0s] [Taxiing] GS=24.5kt IAS=28.7kt VS=2fpm AGL=0ft Bnk=0.6° Pit=2.7° Hdg=57° Gn=1.00 Gl=0.05 Ga=-0.05 Sink=0.000m Skid=0.000 Thr=0.00 Flp=0.00 Sbk=0.00 Wind=0kt@0° Xpdr=1 AP=True GS=0.00dot LOC=0.00dot
[   81.0s] [XP12] [XP12] Dataref not found: 'sim/flightmodel/misc/stall_warning'
[   81.0s] [XP12] [XP12] Dataref not found: 'sim/flightmodel2/gear/tire_sink_depth'
[   81.1s] [XP12] [XP12] Dataref not found: 'sim/weather/aircraft_wind_speed_kt'
[   81.1s] [XP12] [XP12] Dataref not found: 'sim/weather/aircraft_wind_direction_degt'
[   81.1s] [XP12] [XP12] Dataref not found: 'sim/flightmodel2/gear/tire_skid'
[   81.1s] [XP12] [XP12] Dataref not found: 'sim/aircraft/limits/Vso'
[   81.1s] [XP12] [XP12] Dataref not found: 'sim/aircraft/limits/Vno'
[   81.2s] [XP12] [XP12] Dataref not found: 'sim/aircraft/limits/Vne'
[   81.2s] [XP12] [XP12] Dataref not found: 'sim/aircraft/limits/Vfe'
[   81.2s] [XP12] [XP12] Dataref not found: 'sim/aircraft/limits/Vle'
[   81.2s] [XP12] [XP12] Dataref not found: 'sim/weather/cloud_base_msl_m'
[   81.2s] [Taxiing] GS=24.5kt IAS=28.5kt VS=5fpm AGL=0ft Bnk=0.6° Pit=2.6° Hdg=63° Gn=0.98 Gl=0.16 Ga=-0.04 Sink=0.000m Skid=0.000 Thr=0.00 Flp=0.00 Sbk=0.00 Wind=0kt@0° Xpdr=1 AP=True GS=0.00dot LOC=0.00dot
[   82.2s] [XP12] [XP12] Dataref not found: 'sim/flightmodel/misc/stall_warning'
[   82.3s] [XP12] [XP12] Dataref not found: 'sim/flightmodel2/gear/tire_sink_depth'
[   82.3s] [XP12] [XP12] Dataref not found: 'sim/weather/aircraft_wind_speed_kt'
[   82.3s] [XP12] [XP12] Dataref not found: 'sim/weather/aircraft_wind_direction_degt'
[   82.3s] [XP12] [XP12] Dataref not found: 'sim/flightmodel2/gear/tire_skid'
[   82.3s] [XP12] [XP12] Dataref not found: 'sim/aircraft/limits/Vso'
[   82.4s] [XP12] [XP12] Dataref not found: 'sim/aircraft/limits/Vno'
[   82.4s] [XP12] [XP12] Dataref not found: 'sim/aircraft/limits/Vne'
[   82.4s] [XP12] [XP12] Dataref not found: 'sim/aircraft/limits/Vfe'
[   82.4s] [XP12] [XP12] Dataref not found: 'sim/aircraft/limits/Vle'
[   82.4s] [XP12] [XP12] Dataref not found: 'sim/weather/cloud_base_msl_m'
[   82.5s] [Taxiing] GS=24.3kt IAS=28.3kt VS=3fpm AGL=0ft Bnk=0.1° Pit=2.7° Hdg=75° Gn=1.01 Gl=0.25 Ga=-0.05 Sink=0.000m Skid=0.000 Thr=0.00 Flp=0.00 Sbk=0.00 Wind=0kt@0° Xpdr=1 AP=True GS=0.00dot LOC=0.00dot
[   83.5s] [XP12] [XP12] Dataref not found: 'sim/flightmodel/misc/stall_warning'
[   83.5s] [XP12] [XP12] Dataref not found: 'sim/flightmodel2/gear/tire_sink_depth'
[   83.5s] [XP12] [XP12] Dataref not found: 'sim/weather/aircraft_wind_speed_kt'
[   83.5s] [XP12] [XP12] Dataref not found: 'sim/weather/aircraft_wind_direction_degt'
[   83.6s] [XP12] [XP12] Dataref not found: 'sim/flightmodel2/gear/tire_skid'
[   83.6s] [XP12] [XP12] Dataref not found: 'sim/aircraft/limits/Vso'
[   83.6s] [XP12] [XP12] Dataref not found: 'sim/aircraft/limits/Vno'
[   83.6s] [XP12] [XP12] Dataref not found: 'sim/aircraft/limits/Vne'
[   83.6s] [XP12] [XP12] Dataref not found: 'sim/aircraft/limits/Vfe'
[   83.6s] [XP12] [XP12] Dataref not found: 'sim/aircraft/limits/Vle'
[   83.7s] [XP12] [XP12] Dataref not found: 'sim/weather/cloud_base_msl_m'
[   83.7s] [Taxiing] GS=23.8kt IAS=27.7kt VS=5fpm AGL=0ft Bnk=0.4° Pit=2.2° Hdg=86° Gn=0.97 Gl=0.21 Ga=0.01 Sink=0.000m Skid=0.000 Thr=0.00 Flp=0.05 Sbk=0.00 Wind=0kt@0° Xpdr=1 AP=True GS=0.00dot LOC=0.00dot
[   84.7s] [XP12] [XP12] Dataref not found: 'sim/flightmodel/misc/stall_warning'
[   84.7s] [XP12] [XP12] Dataref not found: 'sim/flightmodel2/gear/tire_sink_depth'
[   84.7s] [XP12] [XP12] Dataref not found: 'sim/weather/aircraft_wind_speed_kt'
[   84.8s] [XP12] [XP12] Dataref not found: 'sim/weather/aircraft_wind_direction_degt'
[   84.8s] [XP12] [XP12] Dataref not found: 'sim/flightmodel2/gear/tire_skid'
[   84.8s] [XP12] [XP12] Dataref not found: 'sim/aircraft/limits/Vso'
[   84.8s] [XP12] [XP12] Dataref not found: 'sim/aircraft/limits/Vno'
[   84.8s] [XP12] [XP12] Dataref not found: 'sim/aircraft/limits/Vne'
[   84.8s] [XP12] [XP12] Dataref not found: 'sim/aircraft/limits/Vfe'
[   84.9s] [XP12] [XP12] Dataref not found: 'sim/aircraft/limits/Vle'
[   84.9s] [XP12] [XP12] Dataref not found: 'sim/weather/cloud_base_msl_m'
[   84.9s] [Taxiing] GS=22.1kt IAS=26.2kt VS=0fpm AGL=0ft Bnk=0.2° Pit=1.7° Hdg=105° Gn=0.96 Gl=0.39 Ga=0.05 Sink=0.000m Skid=0.000 Thr=0.00 Flp=0.13 Sbk=0.00 Wind=0kt@0° Xpdr=1 AP=True GS=0.00dot LOC=0.00dot
[   85.9s] [XP12] [XP12] Dataref not found: 'sim/flightmodel/misc/stall_warning'
[   85.9s] [XP12] [XP12] Dataref not found: 'sim/flightmodel2/gear/tire_sink_depth'
[   85.9s] [XP12] [XP12] Dataref not found: 'sim/weather/aircraft_wind_speed_kt'
[   86.0s] [XP12] [XP12] Dataref not found: 'sim/weather/aircraft_wind_direction_degt'
[   86.0s] [XP12] [XP12] Dataref not found: 'sim/flightmodel2/gear/tire_skid'
[   86.0s] [XP12] [XP12] Dataref not found: 'sim/aircraft/limits/Vso'
[   86.0s] [XP12] [XP12] Dataref not found: 'sim/aircraft/limits/Vno'
[   86.0s] [XP12] [XP12] Dataref not found: 'sim/aircraft/limits/Vne'
[   86.1s] [XP12] [XP12] Dataref not found: 'sim/aircraft/limits/Vfe'
[   86.1s] [XP12] [XP12] Dataref not found: 'sim/aircraft/limits/Vle'
[   86.1s] [XP12] [XP12] Dataref not found: 'sim/weather/cloud_base_msl_m'
[   86.1s] [Taxiing] GS=20.0kt IAS=23.0kt VS=-10fpm AGL=0ft Bnk=-0.8° Pit=1.8° Hdg=135° Gn=0.99 Gl=0.52 Ga=-0.06 Sink=0.000m Skid=0.000 Thr=0.00 Flp=0.22 Sbk=0.00 Wind=0kt@0° Xpdr=1 AP=True GS=0.00dot LOC=0.00dot
[   87.1s] [XP12] [XP12] Dataref not found: 'sim/flightmodel/misc/stall_warning'
[   87.2s] [XP12] [XP12] Dataref not found: 'sim/flightmodel2/gear/tire_sink_depth'
[   87.2s] [XP12] [XP12] Dataref not found: 'sim/weather/aircraft_wind_speed_kt'
[   87.2s] [XP12] [XP12] Dataref not found: 'sim/weather/aircraft_wind_direction_degt'
[   87.2s] [XP12] [XP12] Dataref not found: 'sim/flightmodel2/gear/tire_skid'
[   87.2s] [XP12] [XP12] Dataref not found: 'sim/aircraft/limits/Vso'
[   87.2s] [XP12] [XP12] Dataref not found: 'sim/aircraft/limits/Vno'
[   87.3s] [XP12] [XP12] Dataref not found: 'sim/aircraft/limits/Vne'
[   87.3s] [XP12] [XP12] Dataref not found: 'sim/aircraft/limits/Vfe'
[   87.3s] [XP12] [XP12] Dataref not found: 'sim/aircraft/limits/Vle'
[   87.3s] [XP12] [XP12] Dataref not found: 'sim/weather/cloud_base_msl_m'
[   87.3s] [Taxiing] GS=19.7kt IAS=19.3kt VS=-11fpm AGL=0ft Bnk=-0.7° Pit=1.6° Hdg=157° Gn=1.00 Gl=0.36 Ga=-0.02 Sink=0.000m Skid=0.000 Thr=0.00 Flp=0.32 Sbk=0.00 Wind=0kt@0° Xpdr=1 AP=True GS=0.00dot LOC=0.00dot
[   88.4s] [XP12] [XP12] Dataref not found: 'sim/flightmodel/misc/stall_warning'
[   88.4s] [XP12] [XP12] Dataref not found: 'sim/flightmodel2/gear/tire_sink_depth'
[   88.4s] [XP12] [XP12] Dataref not found: 'sim/weather/aircraft_wind_speed_kt'
[   88.4s] [XP12] [XP12] Dataref not found: 'sim/weather/aircraft_wind_direction_degt'
[   88.4s] [XP12] [XP12] Dataref not found: 'sim/flightmodel2/gear/tire_skid'
[   88.5s] [XP12] [XP12] Dataref not found: 'sim/aircraft/limits/Vso'
[   88.5s] [XP12] [XP12] Dataref not found: 'sim/aircraft/limits/Vno'
[   88.5s] [XP12] [XP12] Dataref not found: 'sim/aircraft/limits/Vne'
[   88.5s] [XP12] [XP12] Dataref not found: 'sim/aircraft/limits/Vfe'
[   88.5s] [XP12] [XP12] Dataref not found: 'sim/aircraft/limits/Vle'
[   88.5s] [XP12] [XP12] Dataref not found: 'sim/weather/cloud_base_msl_m'
[   88.6s] [Taxiing] GS=18.7kt IAS=16.6kt VS=-6fpm AGL=0ft Bnk=-1.1° Pit=1.8° Hdg=180° Gn=0.97 Gl=0.34 Ga=0.02 Sink=0.000m Skid=0.000 Thr=0.00 Flp=0.40 Sbk=0.00 Wind=0kt@0° Xpdr=1 AP=True GS=0.00dot LOC=0.00dot
[   89.6s] [XP12] [XP12] Dataref not found: 'sim/flightmodel/misc/stall_warning'
[   89.6s] [XP12] [XP12] Dataref not found: 'sim/flightmodel2/gear/tire_sink_depth'
[   89.6s] [XP12] [XP12] Dataref not found: 'sim/weather/aircraft_wind_speed_kt'
[   89.6s] [XP12] [XP12] Dataref not found: 'sim/weather/aircraft_wind_direction_degt'
[   89.7s] [XP12] [XP12] Dataref not found: 'sim/flightmodel2/gear/tire_skid'
[   89.7s] [XP12] [XP12] Dataref not found: 'sim/aircraft/limits/Vso'
[   89.7s] [XP12] [XP12] Dataref not found: 'sim/aircraft/limits/Vno'
[   89.7s] [XP12] [XP12] Dataref not found: 'sim/aircraft/limits/Vne'
[   89.7s] [XP12] [XP12] Dataref not found: 'sim/aircraft/limits/Vfe'
[   89.7s] [XP12] [XP12] Dataref not found: 'sim/aircraft/limits/Vle'
[   89.8s] [XP12] [XP12] Dataref not found: 'sim/weather/cloud_base_msl_m'
[   89.8s] [Taxiing] GS=14.8kt IAS=13.5kt VS=-4fpm AGL=0ft Bnk=-1.1° Pit=1.5° Hdg=199° Gn=1.10 Gl=0.18 Ga=0.11 Sink=0.000m Skid=0.000 Thr=0.00 Flp=0.40 Sbk=0.00 Wind=0kt@0° Xpdr=1 AP=True GS=0.00dot LOC=0.00dot
[   90.8s] [XP12] [XP12] Dataref not found: 'sim/flightmodel/misc/stall_warning'
[   90.8s] [XP12] [XP12] Dataref not found: 'sim/flightmodel2/gear/tire_sink_depth'
[   90.9s] [XP12] [XP12] Dataref not found: 'sim/weather/aircraft_wind_speed_kt'
[   90.9s] [XP12] [XP12] Dataref not found: 'sim/weather/aircraft_wind_direction_degt'
[   90.9s] [XP12] [XP12] Dataref not found: 'sim/flightmodel2/gear/tire_skid'
[   90.9s] [XP12] [XP12] Dataref not found: 'sim/aircraft/limits/Vso'
[   90.9s] [XP12] [XP12] Dataref not found: 'sim/aircraft/limits/Vno'
[   91.0s] [XP12] [XP12] Dataref not found: 'sim/aircraft/limits/Vne'
[   91.0s] [XP12] [XP12] Dataref not found: 'sim/aircraft/limits/Vfe'
[   91.0s] [XP12] [XP12] Dataref not found: 'sim/aircraft/limits/Vle'
[   91.0s] [XP12] [XP12] Dataref not found: 'sim/weather/cloud_base_msl_m'
[   91.0s] [Taxiing] GS=11.8kt IAS=9.3kt VS=-1fpm AGL=0ft Bnk=-0.8° Pit=1.9° Hdg=203° Gn=0.98 Gl=0.01 Ga=0.09 Sink=0.000m Skid=0.000 Thr=0.00 Flp=0.40 Sbk=0.00 Wind=0kt@0° Xpdr=1 AP=True GS=0.00dot LOC=0.00dot
[   92.0s] [XP12] [XP12] Dataref not found: 'sim/flightmodel/misc/stall_warning'
[   92.1s] [XP12] [XP12] Dataref not found: 'sim/flightmodel2/gear/tire_sink_depth'
[   92.1s] [XP12] [XP12] Dataref not found: 'sim/weather/aircraft_wind_speed_kt'
[   92.1s] [XP12] [XP12] Dataref not found: 'sim/weather/aircraft_wind_direction_degt'
[   92.1s] [XP12] [XP12] Dataref not found: 'sim/flightmodel2/gear/tire_skid'
[   92.1s] [XP12] [XP12] Dataref not found: 'sim/aircraft/limits/Vso'
[   92.2s] [XP12] [XP12] Dataref not found: 'sim/aircraft/limits/Vno'
[   92.2s] [XP12] [XP12] Dataref not found: 'sim/aircraft/limits/Vne'
[   92.2s] [XP12] [XP12] Dataref not found: 'sim/aircraft/limits/Vfe'
[   92.2s] [XP12] [XP12] Dataref not found: 'sim/aircraft/limits/Vle'
[   92.2s] [XP12] [XP12] Dataref not found: 'sim/weather/cloud_base_msl_m'
[   92.3s] [Taxiing] GS=9.0kt IAS=6.3kt VS=-1fpm AGL=0ft Bnk=-0.6° Pit=1.9° Hdg=197° Gn=1.02 Gl=-0.09 Ga=0.08 Sink=0.000m Skid=0.000 Thr=0.00 Flp=0.40 Sbk=0.00 Wind=0kt@0° Xpdr=1 AP=True GS=0.00dot LOC=0.00dot
[   93.3s] [XP12] [XP12] Dataref not found: 'sim/flightmodel/misc/stall_warning'
[   93.3s] [XP12] [XP12] Dataref not found: 'sim/flightmodel2/gear/tire_sink_depth'
[   93.3s] [XP12] [XP12] Dataref not found: 'sim/weather/aircraft_wind_speed_kt'
[   93.3s] [XP12] [XP12] Dataref not found: 'sim/weather/aircraft_wind_direction_degt'
[   93.4s] [XP12] [XP12] Dataref not found: 'sim/flightmodel2/gear/tire_skid'
[   93.4s] [XP12] [XP12] Dataref not found: 'sim/aircraft/limits/Vso'
[   93.4s] [XP12] [XP12] Dataref not found: 'sim/aircraft/limits/Vno'
[   93.4s] [XP12] [XP12] Dataref not found: 'sim/aircraft/limits/Vne'
[   93.4s] [XP12] [XP12] Dataref not found: 'sim/aircraft/limits/Vfe'
[   93.5s] [XP12] [XP12] Dataref not found: 'sim/aircraft/limits/Vle'
[   93.5s] [XP12] [XP12] Dataref not found: 'sim/weather/cloud_base_msl_m'
[   93.5s] [Taxiing] GS=5.9kt IAS=3.7kt VS=-1fpm AGL=0ft Bnk=-0.2° Pit=1.5° Hdg=178° Gn=1.01 Gl=-0.08 Ga=0.08 Sink=0.000m Skid=0.000 Thr=0.27 Flp=0.40 Sbk=0.00 Wind=0kt@0° Xpdr=1 AP=True GS=0.00dot LOC=0.00dot
[   94.5s] [XP12] [XP12] Dataref not found: 'sim/flightmodel/misc/stall_warning'
[   94.5s] [XP12] [XP12] Dataref not found: 'sim/flightmodel2/gear/tire_sink_depth'
[   94.6s] [XP12] [XP12] Dataref not found: 'sim/weather/aircraft_wind_speed_kt'
[   94.6s] [XP12] [XP12] Dataref not found: 'sim/weather/aircraft_wind_direction_degt'
[   94.6s] [XP12] [XP12] Dataref not found: 'sim/flightmodel2/gear/tire_skid'
[   94.6s] [XP12] [XP12] Dataref not found: 'sim/aircraft/limits/Vso'
[   94.6s] [XP12] [XP12] Dataref not found: 'sim/aircraft/limits/Vno'
[   94.7s] [XP12] [XP12] Dataref not found: 'sim/aircraft/limits/Vne'
[   94.7s] [XP12] [XP12] Dataref not found: 'sim/aircraft/limits/Vfe'
[   94.7s] [XP12] [XP12] Dataref not found: 'sim/aircraft/limits/Vle'
[   94.7s] [XP12] [XP12] Dataref not found: 'sim/weather/cloud_base_msl_m'
[   94.8s] [Taxiing] GS=3.3kt IAS=1.0kt VS=-2fpm AGL=0ft Bnk=-0.3° Pit=1.7° Hdg=166° Gn=0.99 Gl=-0.00 Ga=0.06 Sink=0.000m Skid=0.000 Thr=0.27 Flp=0.40 Sbk=0.00 Wind=0kt@0° Xpdr=1 AP=True GS=0.00dot LOC=0.00dot
[   95.8s] [XP12] [XP12] Dataref not found: 'sim/flightmodel/misc/stall_warning'
[   95.8s] [XP12] [XP12] Dataref not found: 'sim/flightmodel2/gear/tire_sink_depth'
[   95.8s] [XP12] [XP12] Dataref not found: 'sim/weather/aircraft_wind_speed_kt'
[   95.8s] [XP12] [XP12] Dataref not found: 'sim/weather/aircraft_wind_direction_degt'
[   95.9s] [XP12] [XP12] Dataref not found: 'sim/flightmodel2/gear/tire_skid'
[   95.9s] [XP12] [XP12] Dataref not found: 'sim/aircraft/limits/Vso'
[   95.9s] [XP12] [XP12] Dataref not found: 'sim/aircraft/limits/Vno'
[   95.9s] [XP12] [XP12] Dataref not found: 'sim/aircraft/limits/Vne'
[   95.9s] [XP12] [XP12] Dataref not found: 'sim/aircraft/limits/Vfe'
[   96.0s] [XP12] [XP12] Dataref not found: 'sim/aircraft/limits/Vle'
[   96.0s] [XP12] [XP12] Dataref not found: 'sim/weather/cloud_base_msl_m'
[   96.0s] [Taxiing] GS=1.0kt IAS=-2.4kt VS=-1fpm AGL=0ft Bnk=-0.1° Pit=1.7° Hdg=163° Gn=1.01 Gl=0.00 Ga=0.04 Sink=0.000m Skid=0.000 Thr=0.33 Flp=0.40 Sbk=0.00 Wind=0kt@0° Xpdr=1 AP=True GS=0.00dot LOC=0.00dot
[   97.0s] [XP12] [XP12] Dataref not found: 'sim/flightmodel/misc/stall_warning'
[   97.0s] [XP12] [XP12] Dataref not found: 'sim/flightmodel2/gear/tire_sink_depth'
[   97.1s] [XP12] [XP12] Dataref not found: 'sim/weather/aircraft_wind_speed_kt'
[   97.1s] [XP12] [XP12] Dataref not found: 'sim/weather/aircraft_wind_direction_degt'
[   97.1s] [XP12] [XP12] Dataref not found: 'sim/flightmodel2/gear/tire_skid'
[   97.1s] [XP12] [XP12] Dataref not found: 'sim/aircraft/limits/Vso'
[   97.1s] [XP12] [XP12] Dataref not found: 'sim/aircraft/limits/Vno'
[   97.2s] [XP12] [XP12] Dataref not found: 'sim/aircraft/limits/Vne'
[   97.2s] [XP12] [XP12] Dataref not found: 'sim/aircraft/limits/Vfe'
[   97.2s] [XP12] [XP12] Dataref not found: 'sim/aircraft/limits/Vle'
[   97.2s] [XP12] [XP12] Dataref not found: 'sim/weather/cloud_base_msl_m'
[   97.2s] [Taxiing] GS=0.1kt IAS=-5.0kt VS=-0fpm AGL=0ft Bnk=-0.0° Pit=1.6° Hdg=163° Gn=1.00 Gl=0.00 Ga=-0.04 Sink=0.000m Skid=0.000 Thr=0.44 Flp=0.40 Sbk=0.00 Wind=0kt@0° Xpdr=1 AP=True GS=0.00dot LOC=0.00dot
[   98.3s] [XP12] [XP12] Dataref not found: 'sim/flightmodel/misc/stall_warning'
[   98.3s] [XP12] [XP12] Dataref not found: 'sim/flightmodel2/gear/tire_sink_depth'
[   98.3s] [XP12] [XP12] Dataref not found: 'sim/weather/aircraft_wind_speed_kt'
[   98.3s] [XP12] [XP12] Dataref not found: 'sim/weather/aircraft_wind_direction_degt'
[   98.3s] [XP12] [XP12] Dataref not found: 'sim/flightmodel2/gear/tire_skid'
[   98.4s] [XP12] [XP12] Dataref not found: 'sim/aircraft/limits/Vso'
[   98.4s] [XP12] [XP12] Dataref not found: 'sim/aircraft/limits/Vno'
[   98.4s] [XP12] [XP12] Dataref not found: 'sim/aircraft/limits/Vne'
[   98.4s] [XP12] [XP12] Dataref not found: 'sim/aircraft/limits/Vfe'
[   98.4s] [XP12] [XP12] Dataref not found: 'sim/aircraft/limits/Vle'
[   98.5s] [XP12] [XP12] Dataref not found: 'sim/weather/cloud_base_msl_m'
[   98.5s] [Taxiing] GS=0.5kt IAS=-6.0kt VS=1fpm AGL=0ft Bnk=-0.0° Pit=1.2° Hdg=163° Gn=0.99 Gl=-0.00 Ga=-0.18 Sink=0.000m Skid=0.000 Thr=0.54 Flp=0.40 Sbk=0.00 Wind=0kt@0° Xpdr=1 AP=True GS=0.00dot LOC=0.00dot
[   99.5s] [XP12] [XP12] Dataref not found: 'sim/flightmodel/misc/stall_warning'
[   99.5s] [XP12] [XP12] Dataref not found: 'sim/flightmodel2/gear/tire_sink_depth'
[   99.5s] [XP12] [XP12] Dataref not found: 'sim/weather/aircraft_wind_speed_kt'
[   99.6s] [XP12] [XP12] Dataref not found: 'sim/weather/aircraft_wind_direction_degt'
[   99.6s] [XP12] [XP12] Dataref not found: 'sim/flightmodel2/gear/tire_skid'
[   99.6s] [XP12] [XP12] Dataref not found: 'sim/aircraft/limits/Vso'
[   99.6s] [XP12] [XP12] Dataref not found: 'sim/aircraft/limits/Vno'
[   99.7s] [XP12] [XP12] Dataref not found: 'sim/aircraft/limits/Vne'
[   99.7s] [XP12] [XP12] Dataref not found: 'sim/aircraft/limits/Vfe'
[   99.7s] [XP12] [XP12] Dataref not found: 'sim/aircraft/limits/Vle'
[   99.7s] [XP12] [XP12] Dataref not found: 'sim/weather/cloud_base_msl_m'
[   99.7s] [Taxiing] GS=4.4kt IAS=-4.8kt VS=0fpm AGL=0ft Bnk=-0.0° Pit=1.7° Hdg=162° Gn=0.98 Gl=-0.00 Ga=-0.20 Sink=0.000m Skid=0.000 Thr=0.49 Flp=0.40 Sbk=0.00 Wind=0kt@0° Xpdr=1 AP=True GS=0.00dot LOC=0.00dot
[  100.7s] [XP12] [XP12] Dataref not found: 'sim/flightmodel/misc/stall_warning'
[  100.8s] [XP12] [XP12] Dataref not found: 'sim/flightmodel2/gear/tire_sink_depth'
[  100.8s] [XP12] [XP12] Dataref not found: 'sim/weather/aircraft_wind_speed_kt'
[  100.8s] [XP12] [XP12] Dataref not found: 'sim/weather/aircraft_wind_direction_degt'
[  100.8s] [XP12] [XP12] Dataref not found: 'sim/flightmodel2/gear/tire_skid'
[  100.8s] [XP12] [XP12] Dataref not found: 'sim/aircraft/limits/Vso'
[  100.9s] [XP12] [XP12] Dataref not found: 'sim/aircraft/limits/Vno'
[  100.9s] [XP12] [XP12] Dataref not found: 'sim/aircraft/limits/Vne'
[  100.9s] [XP12] [XP12] Dataref not found: 'sim/aircraft/limits/Vfe'
[  100.9s] [XP12] [XP12] Dataref not found: 'sim/aircraft/limits/Vle'
[  100.9s] [XP12] [XP12] Dataref not found: 'sim/weather/cloud_base_msl_m'
[  101.0s] [Taxiing] GS=7.5kt IAS=1.0kt VS=1fpm AGL=0ft Bnk=-0.1° Pit=1.4° Hdg=154° Gn=1.01 Gl=-0.08 Ga=-0.13 Sink=0.000m Skid=0.000 Thr=0.44 Flp=0.40 Sbk=0.00 Wind=0kt@0° Xpdr=1 AP=True GS=0.00dot LOC=0.00dot
[  102.0s] [XP12] [XP12] Dataref not found: 'sim/flightmodel/misc/stall_warning'
[  102.0s] [XP12] [XP12] Dataref not found: 'sim/flightmodel2/gear/tire_sink_depth'
[  102.0s] [XP12] [XP12] Dataref not found: 'sim/weather/aircraft_wind_speed_kt'
[  102.1s] [XP12] [XP12] Dataref not found: 'sim/weather/aircraft_wind_direction_degt'
[  102.1s] [XP12] [XP12] Dataref not found: 'sim/flightmodel2/gear/tire_skid'
[  102.1s] [XP12] [XP12] Dataref not found: 'sim/aircraft/limits/Vso'
[  102.1s] [XP12] [XP12] Dataref not found: 'sim/aircraft/limits/Vno'
[  102.1s] [XP12] [XP12] Dataref not found: 'sim/aircraft/limits/Vne'
[  102.2s] [XP12] [XP12] Dataref not found: 'sim/aircraft/limits/Vfe'
[  102.2s] [XP12] [XP12] Dataref not found: 'sim/aircraft/limits/Vle'
[  102.2s] [XP12] [XP12] Dataref not found: 'sim/weather/cloud_base_msl_m'
[  102.2s] [Taxiing] GS=11.1kt IAS=6.6kt VS=-0fpm AGL=0ft Bnk=0.7° Pit=1.9° Hdg=130° Gn=0.98 Gl=-0.16 Ga=-0.20 Sink=0.000m Skid=0.000 Thr=0.20 Flp=0.40 Sbk=0.00 Wind=0kt@0° Xpdr=1 AP=True GS=0.00dot LOC=0.00dot
[  103.2s] [XP12] [XP12] Dataref not found: 'sim/flightmodel/misc/stall_warning'
[  103.3s] [XP12] [XP12] Dataref not found: 'sim/flightmodel2/gear/tire_sink_depth'
[  103.3s] [XP12] [XP12] Dataref not found: 'sim/weather/aircraft_wind_speed_kt'
[  103.3s] [XP12] [XP12] Dataref not found: 'sim/weather/aircraft_wind_direction_degt'
[  103.3s] [XP12] [XP12] Dataref not found: 'sim/flightmodel2/gear/tire_skid'
[  103.3s] [XP12] [XP12] Dataref not found: 'sim/aircraft/limits/Vso'
[  103.4s] [XP12] [XP12] Dataref not found: 'sim/aircraft/limits/Vno'
[  103.4s] [XP12] [XP12] Dataref not found: 'sim/aircraft/limits/Vne'
[  103.4s] [XP12] [XP12] Dataref not found: 'sim/aircraft/limits/Vfe'
[  103.4s] [XP12] [XP12] Dataref not found: 'sim/aircraft/limits/Vle'
[  103.4s] [XP12] [XP12] Dataref not found: 'sim/weather/cloud_base_msl_m'
[  103.4s] [Taxiing] GS=12.9kt IAS=11.6kt VS=-2fpm AGL=0ft Bnk=1.0° Pit=1.9° Hdg=109° Gn=0.98 Gl=-0.28 Ga=-0.11 Sink=0.000m Skid=0.000 Thr=0.20 Flp=0.40 Sbk=0.00 Wind=0kt@0° Xpdr=1 AP=True GS=0.00dot LOC=0.00dot
[  104.5s] [XP12] [XP12] Dataref not found: 'sim/flightmodel/misc/stall_warning'
[  104.5s] [XP12] [XP12] Dataref not found: 'sim/flightmodel2/gear/tire_sink_depth'
[  104.5s] [XP12] [XP12] Dataref not found: 'sim/weather/aircraft_wind_speed_kt'
[  104.5s] [XP12] [XP12] Dataref not found: 'sim/weather/aircraft_wind_direction_degt'
[  104.6s] [XP12] [XP12] Dataref not found: 'sim/flightmodel2/gear/tire_skid'
[  104.6s] [XP12] [XP12] Dataref not found: 'sim/aircraft/limits/Vso'
[  104.6s] [XP12] [XP12] Dataref not found: 'sim/aircraft/limits/Vno'
[  104.6s] [XP12] [XP12] Dataref not found: 'sim/aircraft/limits/Vne'
[  104.7s] [XP12] [XP12] Dataref not found: 'sim/aircraft/limits/Vfe'
[  104.7s] [XP12] [XP12] Dataref not found: 'sim/aircraft/limits/Vle'
[  104.7s] [XP12] [XP12] Dataref not found: 'sim/weather/cloud_base_msl_m'
[  104.7s] [Taxiing] GS=15.0kt IAS=15.7kt VS=-2fpm AGL=0ft Bnk=1.1° Pit=2.5° Hdg=74° Gn=1.01 Gl=-0.29 Ga=-0.15 Sink=0.000m Skid=0.000 Thr=0.20 Flp=0.40 Sbk=0.00 Wind=0kt@0° Xpdr=1 AP=True GS=0.00dot LOC=0.00dot
[  105.7s] [XP12] [XP12] Dataref not found: 'sim/flightmodel/misc/stall_warning'
[  105.8s] [XP12] [XP12] Dataref not found: 'sim/flightmodel2/gear/tire_sink_depth'
[  105.8s] [XP12] [XP12] Dataref not found: 'sim/weather/aircraft_wind_speed_kt'
[  105.8s] [XP12] [XP12] Dataref not found: 'sim/weather/aircraft_wind_direction_degt'
[  105.8s] [XP12] [XP12] Dataref not found: 'sim/flightmodel2/gear/tire_skid'
[  105.9s] [XP12] [XP12] Dataref not found: 'sim/aircraft/limits/Vso'
[  105.9s] [XP12] [XP12] Dataref not found: 'sim/aircraft/limits/Vno'
[  105.9s] [XP12] [XP12] Dataref not found: 'sim/aircraft/limits/Vne'
[  105.9s] [XP12] [XP12] Dataref not found: 'sim/aircraft/limits/Vfe'
[  105.9s] [XP12] [XP12] Dataref not found: 'sim/aircraft/limits/Vle'
[  106.0s] [XP12] [XP12] Dataref not found: 'sim/weather/cloud_base_msl_m'
[  106.0s] [Taxiing] GS=17.3kt IAS=20.5kt VS=-3fpm AGL=0ft Bnk=0.8° Pit=2.5° Hdg=61° Gn=0.98 Gl=-0.14 Ga=-0.13 Sink=0.000m Skid=0.000 Thr=0.45 Flp=0.40 Sbk=0.00 Wind=0kt@0° Xpdr=1 AP=True GS=0.00dot LOC=0.00dot
[  107.0s] [XP12] [XP12] Dataref not found: 'sim/flightmodel/misc/stall_warning'
[  107.0s] [XP12] [XP12] Dataref not found: 'sim/flightmodel2/gear/tire_sink_depth'
[  107.0s] [XP12] [XP12] Dataref not found: 'sim/weather/aircraft_wind_speed_kt'
[  107.0s] [XP12] [XP12] Dataref not found: 'sim/weather/aircraft_wind_direction_degt'
[  107.1s] [XP12] [XP12] Dataref not found: 'sim/flightmodel2/gear/tire_skid'
[  107.1s] [XP12] [XP12] Dataref not found: 'sim/aircraft/limits/Vso'
[  107.1s] [XP12] [XP12] Dataref not found: 'sim/aircraft/limits/Vno'
[  107.1s] [XP12] [XP12] Dataref not found: 'sim/aircraft/limits/Vne'
[  107.1s] [XP12] [XP12] Dataref not found: 'sim/aircraft/limits/Vfe'
[  107.2s] [XP12] [XP12] Dataref not found: 'sim/aircraft/limits/Vle'
[  107.2s] [XP12] [XP12] Dataref not found: 'sim/weather/cloud_base_msl_m'
[  107.2s] [Taxiing] GS=20.2kt IAS=24.0kt VS=0fpm AGL=0ft Bnk=0.8° Pit=2.5° Hdg=50° Gn=0.99 Gl=-0.09 Ga=-0.22 Sink=0.000m Skid=0.000 Thr=0.60 Flp=0.40 Sbk=0.00 Wind=0kt@0° Xpdr=1 AP=True GS=0.00dot LOC=0.00dot
[  108.2s] [XP12] [XP12] Dataref not found: 'sim/flightmodel/misc/stall_warning'
[  108.2s] [XP12] [XP12] Dataref not found: 'sim/flightmodel2/gear/tire_sink_depth'
[  108.3s] [XP12] [XP12] Dataref not found: 'sim/weather/aircraft_wind_speed_kt'
[  108.3s] [XP12] [XP12] Dataref not found: 'sim/weather/aircraft_wind_direction_degt'
[  108.3s] [XP12] [XP12] Dataref not found: 'sim/flightmodel2/gear/tire_skid'
[  108.3s] [XP12] [XP12] Dataref not found: 'sim/aircraft/limits/Vso'
[  108.3s] [XP12] [XP12] Dataref not found: 'sim/aircraft/limits/Vno'
[  108.4s] [XP12] [XP12] Dataref not found: 'sim/aircraft/limits/Vne'
[  108.4s] [XP12] [XP12] Dataref not found: 'sim/aircraft/limits/Vfe'
[  108.4s] [XP12] [XP12] Dataref not found: 'sim/aircraft/limits/Vle'
[  108.4s] [XP12] [XP12] Dataref not found: 'sim/weather/cloud_base_msl_m'
[  108.4s] [Taxiing] GS=26.3kt IAS=27.9kt VS=-2fpm AGL=0ft Bnk=0.3° Pit=2.4° Hdg=57° Gn=0.99 Gl=0.17 Ga=-0.34 Sink=0.000m Skid=0.000 Thr=0.59 Flp=0.40 Sbk=0.00 Wind=0kt@0° Xpdr=1 AP=True GS=0.00dot LOC=0.00dot
[  109.5s] [XP12] [XP12] Dataref not found: 'sim/flightmodel/misc/stall_warning'
[  109.5s] [XP12] [XP12] Dataref not found: 'sim/flightmodel2/gear/tire_sink_depth'
[  109.5s] [XP12] [XP12] Dataref not found: 'sim/weather/aircraft_wind_speed_kt'
[  109.5s] [XP12] [XP12] Dataref not found: 'sim/weather/aircraft_wind_direction_degt'
[  109.6s] [XP12] [XP12] Dataref not found: 'sim/flightmodel2/gear/tire_skid'
[  109.6s] [XP12] [XP12] Dataref not found: 'sim/aircraft/limits/Vso'
[  109.6s] [XP12] [XP12] Dataref not found: 'sim/aircraft/limits/Vno'
[  109.6s] [XP12] [XP12] Dataref not found: 'sim/aircraft/limits/Vne'
[  109.6s] [XP12] [XP12] Dataref not found: 'sim/aircraft/limits/Vfe'
[  109.7s] [XP12] [XP12] Dataref not found: 'sim/aircraft/limits/Vle'
[  109.7s] [XP12] [XP12] Dataref not found: 'sim/weather/cloud_base_msl_m'
[  109.7s] [Taxiing] GS=33.1kt IAS=34.1kt VS=-6fpm AGL=0ft Bnk=0.6° Pit=2.2° Hdg=61° Gn=0.99 Gl=-0.01 Ga=-0.32 Sink=0.000m Skid=0.000 Thr=0.60 Flp=0.40 Sbk=0.00 Wind=0kt@0° Xpdr=1 AP=True GS=0.00dot LOC=0.00dot
[  110.7s] [XP12] [XP12] Dataref not found: 'sim/flightmodel/misc/stall_warning'
[  110.7s] [XP12] [XP12] Dataref not found: 'sim/flightmodel2/gear/tire_sink_depth'
[  110.8s] [XP12] [XP12] Dataref not found: 'sim/weather/aircraft_wind_speed_kt'
[  110.8s] [XP12] [XP12] Dataref not found: 'sim/weather/aircraft_wind_direction_degt'
[  110.8s] [XP12] [XP12] Dataref not found: 'sim/flightmodel2/gear/tire_skid'
[  110.8s] [XP12] [XP12] Dataref not found: 'sim/aircraft/limits/Vso'
[  110.8s] [XP12] [XP12] Dataref not found: 'sim/aircraft/limits/Vno'
[  110.8s] [XP12] [XP12] Dataref not found: 'sim/aircraft/limits/Vne'
[  110.9s] [XP12] [XP12] Dataref not found: 'sim/aircraft/limits/Vfe'
[  110.9s] [XP12] [XP12] Dataref not found: 'sim/aircraft/limits/Vle'
[  110.9s] [XP12] [XP12] Dataref not found: 'sim/weather/cloud_base_msl_m'
[  110.9s] [Taxiing] GS=39.8kt IAS=40.7kt VS=-8fpm AGL=0ft Bnk=0.6° Pit=2.0° Hdg=58° Gn=1.00 Gl=-0.05 Ga=-0.36 Sink=0.000m Skid=0.000 Thr=0.93 Flp=0.40 Sbk=0.00 Wind=0kt@0° Xpdr=1 AP=True GS=0.00dot LOC=0.00dot
[  111.9s] [XP12] [XP12] Dataref not found: 'sim/flightmodel/misc/stall_warning'
[  112.0s] [XP12] [XP12] Dataref not found: 'sim/flightmodel2/gear/tire_sink_depth'
[  112.0s] [XP12] [XP12] Dataref not found: 'sim/weather/aircraft_wind_speed_kt'
[  112.0s] [XP12] [XP12] Dataref not found: 'sim/weather/aircraft_wind_direction_degt'
[  112.0s] [XP12] [XP12] Dataref not found: 'sim/flightmodel2/gear/tire_skid'
[  112.0s] [XP12] [XP12] Dataref not found: 'sim/aircraft/limits/Vso'
[  112.1s] [XP12] [XP12] Dataref not found: 'sim/aircraft/limits/Vno'
[  112.1s] [XP12] [XP12] Dataref not found: 'sim/aircraft/limits/Vne'
[  112.1s] [XP12] [XP12] Dataref not found: 'sim/aircraft/limits/Vfe'
[  112.1s] [XP12] [XP12] Dataref not found: 'sim/aircraft/limits/Vle'
[  112.1s] [XP12] [XP12] Dataref not found: 'sim/weather/cloud_base_msl_m'
[  112.2s] [Taxiing] GS=48.9kt IAS=47.6kt VS=-10fpm AGL=0ft Bnk=0.4° Pit=2.0° Hdg=57° Gn=0.98 Gl=-0.04 Ga=-0.44 Sink=0.000m Skid=0.000 Thr=0.93 Flp=0.40 Sbk=0.00 Wind=0kt@0° Xpdr=1 AP=True GS=0.00dot LOC=0.00dot
[  113.2s] [XP12] [XP12] Dataref not found: 'sim/flightmodel/misc/stall_warning'
[  113.2s] [XP12] [XP12] Dataref not found: 'sim/flightmodel2/gear/tire_sink_depth'
[  113.2s] [XP12] [XP12] Dataref not found: 'sim/weather/aircraft_wind_speed_kt'
[  113.2s] [XP12] [XP12] Dataref not found: 'sim/weather/aircraft_wind_direction_degt'
[  113.3s] [XP12] [XP12] Dataref not found: 'sim/flightmodel2/gear/tire_skid'
[  113.3s] [XP12] [XP12] Dataref not found: 'sim/aircraft/limits/Vso'
[  113.3s] [XP12] [XP12] Dataref not found: 'sim/aircraft/limits/Vno'
[  113.3s] [XP12] [XP12] Dataref not found: 'sim/aircraft/limits/Vne'
[  113.3s] [XP12] [XP12] Dataref not found: 'sim/aircraft/limits/Vfe'
[  113.4s] [XP12] [XP12] Dataref not found: 'sim/aircraft/limits/Vle'
[  113.4s] [XP12] [XP12] Dataref not found: 'sim/weather/cloud_base_msl_m'
[  113.4s] [Taxiing] GS=58.5kt IAS=55.5kt VS=-16fpm AGL=0ft Bnk=0.6° Pit=1.9° Hdg=54° Gn=1.01 Gl=-0.12 Ga=-0.43 Sink=0.000m Skid=0.000 Thr=0.93 Flp=0.40 Sbk=0.00 Wind=0kt@0° Xpdr=1 AP=True GS=0.00dot LOC=0.00dot
[  114.4s] [XP12] [XP12] Dataref not found: 'sim/flightmodel/misc/stall_warning'
[  114.4s] [XP12] [XP12] Dataref not found: 'sim/flightmodel2/gear/tire_sink_depth'
[  114.5s] [XP12] [XP12] Dataref not found: 'sim/weather/aircraft_wind_speed_kt'
[  114.5s] [XP12] [XP12] Dataref not found: 'sim/weather/aircraft_wind_direction_degt'
[  114.5s] [XP12] [XP12] Dataref not found: 'sim/flightmodel2/gear/tire_skid'
[  114.5s] [XP12] [XP12] Dataref not found: 'sim/aircraft/limits/Vso'
[  114.5s] [XP12] [XP12] Dataref not found: 'sim/aircraft/limits/Vno'
[  114.6s] [XP12] [XP12] Dataref not found: 'sim/aircraft/limits/Vne'
[  114.6s] [XP12] [XP12] Dataref not found: 'sim/aircraft/limits/Vfe'
[  114.6s] [XP12] [XP12] Dataref not found: 'sim/aircraft/limits/Vle'
[  114.6s] [XP12] [XP12] Dataref not found: 'sim/weather/cloud_base_msl_m'
[  114.6s] [Taxiing] GS=67.6kt IAS=63.9kt VS=-22fpm AGL=0ft Bnk=0.5° Pit=1.9° Hdg=51° Gn=0.99 Gl=-0.12 Ga=-0.41 Sink=0.000m Skid=0.000 Thr=0.93 Flp=0.40 Sbk=0.00 Wind=0kt@0° Xpdr=1 AP=True GS=0.00dot LOC=0.00dot
[  115.7s] [XP12] [XP12] Dataref not found: 'sim/flightmodel/misc/stall_warning'
[  115.7s] [XP12] [XP12] Dataref not found: 'sim/flightmodel2/gear/tire_sink_depth'
[  115.7s] [XP12] [XP12] Dataref not found: 'sim/weather/aircraft_wind_speed_kt'
[  115.7s] [XP12] [XP12] Dataref not found: 'sim/weather/aircraft_wind_direction_degt'
[  115.7s] [XP12] [XP12] Dataref not found: 'sim/flightmodel2/gear/tire_skid'
[  115.7s] [XP12] [XP12] Dataref not found: 'sim/aircraft/limits/Vso'
[  115.8s] [XP12] [XP12] Dataref not found: 'sim/aircraft/limits/Vno'
[  115.8s] [XP12] [XP12] Dataref not found: 'sim/aircraft/limits/Vne'
[  115.8s] [XP12] [XP12] Dataref not found: 'sim/aircraft/limits/Vfe'
[  115.8s] [XP12] [XP12] Dataref not found: 'sim/aircraft/limits/Vle'
[  115.9s] [XP12] [XP12] Dataref not found: 'sim/weather/cloud_base_msl_m'
[  115.9s] [Taxiing] GS=76.3kt IAS=73.2kt VS=-24fpm AGL=0ft Bnk=0.5° Pit=1.9° Hdg=51° Gn=1.03 Gl=0.01 Ga=-0.39 Sink=0.000m Skid=0.000 Thr=0.93 Flp=0.40 Sbk=0.00 Wind=0kt@0° Xpdr=1 AP=True GS=0.00dot LOC=0.00dot
[  116.9s] [XP12] [XP12] Dataref not found: 'sim/flightmodel/misc/stall_warning'
[  116.9s] [XP12] [XP12] Dataref not found: 'sim/flightmodel2/gear/tire_sink_depth'
[  116.9s] [XP12] [XP12] Dataref not found: 'sim/weather/aircraft_wind_speed_kt'
[  116.9s] [XP12] [XP12] Dataref not found: 'sim/weather/aircraft_wind_direction_degt'
[  117.0s] [XP12] [XP12] Dataref not found: 'sim/flightmodel2/gear/tire_skid'
[  117.0s] [XP12] [XP12] Dataref not found: 'sim/aircraft/limits/Vso'
[  117.0s] [XP12] [XP12] Dataref not found: 'sim/aircraft/limits/Vno'
[  117.0s] [XP12] [XP12] Dataref not found: 'sim/aircraft/limits/Vne'
[  117.0s] [XP12] [XP12] Dataref not found: 'sim/aircraft/limits/Vfe'
[  117.1s] [XP12] [XP12] Dataref not found: 'sim/aircraft/limits/Vle'
[  117.1s] [XP12] [XP12] Dataref not found: 'sim/weather/cloud_base_msl_m'
[  117.1s] [Taxiing] GS=84.5kt IAS=82.1kt VS=-19fpm AGL=0ft Bnk=0.4° Pit=1.6° Hdg=54° Gn=0.92 Gl=0.10 Ga=-0.37 Sink=0.000m Skid=0.000 Thr=0.93 Flp=0.40 Sbk=0.00 Wind=0kt@0° Xpdr=1 AP=True GS=0.00dot LOC=0.00dot
[  118.1s] [XP12] [XP12] Dataref not found: 'sim/flightmodel/misc/stall_warning'
[  118.1s] [XP12] [XP12] Dataref not found: 'sim/flightmodel2/gear/tire_sink_depth'
[  118.2s] [XP12] [XP12] Dataref not found: 'sim/weather/aircraft_wind_speed_kt'
[  118.2s] [XP12] [XP12] Dataref not found: 'sim/weather/aircraft_wind_direction_degt'
[  118.2s] [XP12] [XP12] Dataref not found: 'sim/flightmodel2/gear/tire_skid'
[  118.2s] [XP12] [XP12] Dataref not found: 'sim/aircraft/limits/Vso'
[  118.2s] [XP12] [XP12] Dataref not found: 'sim/aircraft/limits/Vno'
[  118.3s] [XP12] [XP12] Dataref not found: 'sim/aircraft/limits/Vne'
[  118.3s] [XP12] [XP12] Dataref not found: 'sim/aircraft/limits/Vfe'
[  118.3s] [XP12] [XP12] Dataref not found: 'sim/aircraft/limits/Vle'
[  118.3s] [XP12] [XP12] Dataref not found: 'sim/weather/cloud_base_msl_m'
[  118.3s] [Taxiing] GS=92.2kt IAS=90.5kt VS=-31fpm AGL=0ft Bnk=0.3° Pit=1.5° Hdg=57° Gn=1.01 Gl=0.16 Ga=-0.35 Sink=0.000m Skid=0.000 Thr=0.93 Flp=0.40 Sbk=0.00 Wind=0kt@0° Xpdr=1 AP=True GS=0.00dot LOC=0.00dot
[  119.3s] [XP12] [XP12] Dataref not found: 'sim/flightmodel/misc/stall_warning'
[  119.4s] [XP12] [XP12] Dataref not found: 'sim/flightmodel2/gear/tire_sink_depth'
[  119.4s] [XP12] [XP12] Dataref not found: 'sim/weather/aircraft_wind_speed_kt'
[  119.4s] [XP12] [XP12] Dataref not found: 'sim/weather/aircraft_wind_direction_degt'
[  119.4s] [XP12] [XP12] Dataref not found: 'sim/flightmodel2/gear/tire_skid'
[  119.4s] [XP12] [XP12] Dataref not found: 'sim/aircraft/limits/Vso'
[  119.5s] [XP12] [XP12] Dataref not found: 'sim/aircraft/limits/Vno'
[  119.5s] [XP12] [XP12] Dataref not found: 'sim/aircraft/limits/Vne'
[  119.5s] [XP12] [XP12] Dataref not found: 'sim/aircraft/limits/Vfe'
[  119.5s] [XP12] [XP12] Dataref not found: 'sim/aircraft/limits/Vle'
[  119.5s] [XP12] [XP12] Dataref not found: 'sim/weather/cloud_base_msl_m'
[  119.6s] [Taxiing] GS=99.5kt IAS=97.9kt VS=-38fpm AGL=0ft Bnk=0.4° Pit=1.4° Hdg=59° Gn=0.95 Gl=0.10 Ga=-0.34 Sink=0.000m Skid=0.000 Thr=0.93 Flp=0.40 Sbk=0.00 Wind=0kt@0° Xpdr=1 AP=True GS=0.00dot LOC=0.00dot
[  120.6s] [XP12] [XP12] Dataref not found: 'sim/flightmodel/misc/stall_warning'
[  120.6s] [XP12] [XP12] Dataref not found: 'sim/flightmodel2/gear/tire_sink_depth'
[  120.6s] [XP12] [XP12] Dataref not found: 'sim/weather/aircraft_wind_speed_kt'
[  120.6s] [XP12] [XP12] Dataref not found: 'sim/weather/aircraft_wind_direction_degt'
[  120.7s] [XP12] [XP12] Dataref not found: 'sim/flightmodel2/gear/tire_skid'
[  120.7s] [XP12] [XP12] Dataref not found: 'sim/aircraft/limits/Vso'
[  120.7s] [XP12] [XP12] Dataref not found: 'sim/aircraft/limits/Vno'
[  120.7s] [XP12] [XP12] Dataref not found: 'sim/aircraft/limits/Vne'
[  120.7s] [XP12] [XP12] Dataref not found: 'sim/aircraft/limits/Vfe'
[  120.8s] [XP12] [XP12] Dataref not found: 'sim/aircraft/limits/Vle'
[  120.8s] [XP12] [XP12] Dataref not found: 'sim/weather/cloud_base_msl_m'
[  120.8s] [Taxiing] GS=106.7kt IAS=104.8kt VS=-46fpm AGL=0ft Bnk=0.4° Pit=1.1° Hdg=58° Gn=0.96 Gl=0.02 Ga=-0.32 Sink=0.000m Skid=0.000 Thr=0.93 Flp=0.40 Sbk=0.00 Wind=0kt@0° Xpdr=1 AP=True GS=0.00dot LOC=0.00dot
[  121.8s] [XP12] [XP12] Dataref not found: 'sim/flightmodel/misc/stall_warning'
[  121.8s] [XP12] [XP12] Dataref not found: 'sim/flightmodel2/gear/tire_sink_depth'
[  121.9s] [XP12] [XP12] Dataref not found: 'sim/weather/aircraft_wind_speed_kt'
[  121.9s] [XP12] [XP12] Dataref not found: 'sim/weather/aircraft_wind_direction_degt'
[  121.9s] [XP12] [XP12] Dataref not found: 'sim/flightmodel2/gear/tire_skid'
[  121.9s] [XP12] [XP12] Dataref not found: 'sim/aircraft/limits/Vso'
[  121.9s] [XP12] [XP12] Dataref not found: 'sim/aircraft/limits/Vno'
[  122.0s] [XP12] [XP12] Dataref not found: 'sim/aircraft/limits/Vne'
[  122.0s] [XP12] [XP12] Dataref not found: 'sim/aircraft/limits/Vfe'
[  122.0s] [XP12] [XP12] Dataref not found: 'sim/aircraft/limits/Vle'
[  122.0s] [XP12] [XP12] Dataref not found: 'sim/weather/cloud_base_msl_m'
[  122.0s] Phase → Airborne  GPS=(35.02370,-80.61382)
[  122.0s] EVENT: Pitot heat off while airborne
[  122.0s] EVENT: Landing lights off on approach
[  122.0s] EVENT: Strobes off while airborne
[  122.0s] EVENT: Transponder not ALT (mode 1)
[  122.0s] [Airborne] GS=113.3kt IAS=110.7kt VS=-61fpm AGL=1ft Bnk=0.4° Pit=5.6° Hdg=56° Gn=1.16 Gl=-0.03 Ga=-0.35 Sink=0.000m Skid=0.000 Thr=0.93 Flp=0.40 Sbk=0.00 Wind=0kt@0° Xpdr=1 AP=True GS=0.00dot LOC=0.00dot
[  123.1s] [XP12] [XP12] Dataref not found: 'sim/flightmodel/misc/stall_warning'
[  123.1s] [XP12] [XP12] Dataref not found: 'sim/flightmodel2/gear/tire_sink_depth'
[  123.1s] [XP12] [XP12] Dataref not found: 'sim/weather/aircraft_wind_speed_kt'
[  123.1s] [XP12] [XP12] Dataref not found: 'sim/weather/aircraft_wind_direction_degt'
[  123.1s] [XP12] [XP12] Dataref not found: 'sim/flightmodel2/gear/tire_skid'
[  123.2s] [XP12] [XP12] Dataref not found: 'sim/aircraft/limits/Vso'
[  123.2s] [XP12] [XP12] Dataref not found: 'sim/aircraft/limits/Vno'
[  123.2s] [XP12] [XP12] Dataref not found: 'sim/aircraft/limits/Vne'
[  123.2s] [XP12] [XP12] Dataref not found: 'sim/aircraft/limits/Vfe'
[  123.3s] [XP12] [XP12] Dataref not found: 'sim/aircraft/limits/Vle'
[  123.3s] [XP12] [XP12] Dataref not found: 'sim/weather/cloud_base_msl_m'
[  123.3s] [Airborne] GS=117.2kt IAS=114.3kt VS=325fpm AGL=12ft Bnk=-2.2° Pit=10.9° Hdg=56° Gn=1.28 Gl=-0.02 Ga=-0.34 Sink=0.000m Skid=0.000 Thr=0.93 Flp=0.40 Sbk=0.00 Wind=0kt@0° Xpdr=1 AP=True GS=0.00dot LOC=0.00dot
[  124.3s] [XP12] [XP12] Dataref not found: 'sim/flightmodel/misc/stall_warning'
[  124.3s] [XP12] [XP12] Dataref not found: 'sim/flightmodel2/gear/tire_sink_depth'
[  124.3s] [XP12] [XP12] Dataref not found: 'sim/weather/aircraft_wind_speed_kt'
[  124.4s] [XP12] [XP12] Dataref not found: 'sim/weather/aircraft_wind_direction_degt'
[  124.4s] [XP12] [XP12] Dataref not found: 'sim/flightmodel2/gear/tire_skid'
[  124.4s] [XP12] [XP12] Dataref not found: 'sim/aircraft/limits/Vso'
[  124.4s] [XP12] [XP12] Dataref not found: 'sim/aircraft/limits/Vno'
[  124.4s] [XP12] [XP12] Dataref not found: 'sim/aircraft/limits/Vne'
[  124.5s] [XP12] [XP12] Dataref not found: 'sim/aircraft/limits/Vfe'
[  124.5s] [XP12] [XP12] Dataref not found: 'sim/aircraft/limits/Vle'
[  124.5s] [XP12] [XP12] Dataref not found: 'sim/weather/cloud_base_msl_m'
[  124.5s] [Airborne] GS=119.7kt IAS=120.6kt VS=1057fpm AGL=40ft Bnk=-2.9° Pit=9.8° Hdg=57° Gn=1.01 Gl=0.01 Ga=-0.27 Sink=0.000m Skid=0.000 Thr=0.93 Flp=0.40 Sbk=0.00 Wind=0kt@0° Xpdr=1 AP=True GS=0.00dot LOC=0.00dot
[  125.5s] [XP12] [XP12] Dataref not found: 'sim/flightmodel/misc/stall_warning'
[  125.6s] [XP12] [XP12] Dataref not found: 'sim/flightmodel2/gear/tire_sink_depth'
[  125.6s] [XP12] [XP12] Dataref not found: 'sim/weather/aircraft_wind_speed_kt'
[  125.6s] [XP12] [XP12] Dataref not found: 'sim/weather/aircraft_wind_direction_degt'
[  125.6s] [XP12] [XP12] Dataref not found: 'sim/flightmodel2/gear/tire_skid'
[  125.6s] [XP12] [XP12] Dataref not found: 'sim/aircraft/limits/Vso'
[  125.7s] [XP12] [XP12] Dataref not found: 'sim/aircraft/limits/Vno'
[  125.7s] [XP12] [XP12] Dataref not found: 'sim/aircraft/limits/Vne'
[  125.7s] [XP12] [XP12] Dataref not found: 'sim/aircraft/limits/Vfe'
[  125.7s] [XP12] [XP12] Dataref not found: 'sim/aircraft/limits/Vle'
[  125.7s] [XP12] [XP12] Dataref not found: 'sim/weather/cloud_base_msl_m'
[  125.7s] [Airborne] GS=121.4kt IAS=125.0kt VS=1532fpm AGL=75ft Bnk=-1.5° Pit=9.6° Hdg=56° Gn=0.83 Gl=-0.00 Ga=-0.26 Sink=0.000m Skid=0.000 Thr=0.93 Flp=0.40 Sbk=0.00 Wind=0kt@0° Xpdr=1 AP=True GS=0.00dot LOC=0.00dot
[  126.8s] [XP12] [XP12] Dataref not found: 'sim/flightmodel/misc/stall_warning'
[  126.8s] [XP12] [XP12] Dataref not found: 'sim/flightmodel2/gear/tire_sink_depth'
[  126.8s] [XP12] [XP12] Dataref not found: 'sim/weather/aircraft_wind_speed_kt'
[  126.8s] [XP12] [XP12] Dataref not found: 'sim/weather/aircraft_wind_direction_degt'
[  126.8s] [XP12] [XP12] Dataref not found: 'sim/flightmodel2/gear/tire_skid'
[  126.9s] [XP12] [XP12] Dataref not found: 'sim/aircraft/limits/Vso'
[  126.9s] [XP12] [XP12] Dataref not found: 'sim/aircraft/limits/Vno'
[  126.9s] [XP12] [XP12] Dataref not found: 'sim/aircraft/limits/Vne'
[  126.9s] [XP12] [XP12] Dataref not found: 'sim/aircraft/limits/Vfe'
[  126.9s] [XP12] [XP12] Dataref not found: 'sim/aircraft/limits/Vle'
[  126.9s] [XP12] [XP12] Dataref not found: 'sim/weather/cloud_base_msl_m'
[  127.0s] [Airborne] GS=123.6kt IAS=127.9kt VS=1688fpm AGL=111ft Bnk=-2.5° Pit=10.2° Hdg=55° Gn=1.04 Gl=-0.01 Ga=-0.26 Sink=0.000m Skid=0.000 Thr=0.93 Flp=0.40 Sbk=0.00 Wind=0kt@0° Xpdr=1 AP=True GS=0.00dot LOC=0.00dot
[  128.0s] [XP12] [XP12] Dataref not found: 'sim/flightmodel/misc/stall_warning'
[  128.0s] [XP12] [XP12] Dataref not found: 'sim/flightmodel2/gear/tire_sink_depth'
[  128.0s] [XP12] [XP12] Dataref not found: 'sim/weather/aircraft_wind_speed_kt'
[  128.0s] [XP12] [XP12] Dataref not found: 'sim/weather/aircraft_wind_direction_degt'
[  128.0s] [XP12] [XP12] Dataref not found: 'sim/flightmodel2/gear/tire_skid'
[  128.1s] [XP12] [XP12] Dataref not found: 'sim/aircraft/limits/Vso'
[  128.1s] [XP12] [XP12] Dataref not found: 'sim/aircraft/limits/Vno'
[  128.1s] [XP12] [XP12] Dataref not found: 'sim/aircraft/limits/Vne'
[  128.1s] [XP12] [XP12] Dataref not found: 'sim/aircraft/limits/Vfe'
[  128.1s] [XP12] [XP12] Dataref not found: 'sim/aircraft/limits/Vle'
[  128.2s] [XP12] [XP12] Dataref not found: 'sim/weather/cloud_base_msl_m'
[  128.2s] [Airborne] GS=125.8kt IAS=129.7kt VS=1709fpm AGL=148ft Bnk=-3.5° Pit=7.7° Hdg=55° Gn=0.78 Gl=-0.00 Ga=-0.24 Sink=0.000m Skid=0.000 Thr=0.93 Flp=0.40 Sbk=0.00 Wind=0kt@0° Xpdr=1 AP=True GS=0.00dot LOC=0.00dot
[  129.2s] [XP12] [XP12] Dataref not found: 'sim/flightmodel/misc/stall_warning'
[  129.2s] [XP12] [XP12] Dataref not found: 'sim/flightmodel2/gear/tire_sink_depth'
[  129.2s] [XP12] [XP12] Dataref not found: 'sim/weather/aircraft_wind_speed_kt'
[  129.3s] [XP12] [XP12] Dataref not found: 'sim/weather/aircraft_wind_direction_degt'
[  129.3s] [XP12] [XP12] Dataref not found: 'sim/flightmodel2/gear/tire_skid'
[  129.3s] [XP12] [XP12] Dataref not found: 'sim/aircraft/limits/Vso'
[  129.3s] [XP12] [XP12] Dataref not found: 'sim/aircraft/limits/Vno'
[  129.3s] [XP12] [XP12] Dataref not found: 'sim/aircraft/limits/Vne'
[  129.3s] [XP12] [XP12] Dataref not found: 'sim/aircraft/limits/Vfe'
[  129.4s] [XP12] [XP12] Dataref not found: 'sim/aircraft/limits/Vle'
[  129.4s] [XP12] [XP12] Dataref not found: 'sim/weather/cloud_base_msl_m'
[  129.4s] [Airborne] GS=128.9kt IAS=131.8kt VS=1450fpm AGL=178ft Bnk=-3.8° Pit=6.7° Hdg=54° Gn=0.99 Gl=0.00 Ga=-0.24 Sink=0.000m Skid=0.000 Thr=0.93 Flp=0.40 Sbk=0.00 Wind=0kt@0° Xpdr=1 AP=True GS=0.00dot LOC=0.00dot
[  130.4s] [XP12] [XP12] Dataref not found: 'sim/flightmodel/misc/stall_warning'
[  130.4s] [XP12] [XP12] Dataref not found: 'sim/flightmodel2/gear/tire_sink_depth'
[  130.5s] [XP12] [XP12] Dataref not found: 'sim/weather/aircraft_wind_speed_kt'
[  130.5s] [XP12] [XP12] Dataref not found: 'sim/weather/aircraft_wind_direction_degt'
[  130.5s] [XP12] [XP12] Dataref not found: 'sim/flightmodel2/gear/tire_skid'
[  130.5s] [XP12] [XP12] Dataref not found: 'sim/aircraft/limits/Vso'
[  130.5s] [XP12] [XP12] Dataref not found: 'sim/aircraft/limits/Vno'
[  130.5s] [XP12] [XP12] Dataref not found: 'sim/aircraft/limits/Vne'
[  130.6s] [XP12] [XP12] Dataref not found: 'sim/aircraft/limits/Vfe'
[  130.6s] [XP12] [XP12] Dataref not found: 'sim/aircraft/limits/Vle'
[  130.6s] [XP12] [XP12] Dataref not found: 'sim/weather/cloud_base_msl_m'
[  130.6s] [Airborne] GS=132.2kt IAS=135.0kt VS=1139fpm AGL=201ft Bnk=-5.0° Pit=3.5° Hdg=54° Gn=0.78 Gl=-0.00 Ga=-0.22 Sink=0.000m Skid=0.000 Thr=0.93 Flp=0.40 Sbk=0.00 Wind=0kt@0° Xpdr=1 AP=True GS=0.00dot LOC=0.00dot
[  131.6s] [XP12] [XP12] Dataref not found: 'sim/flightmodel/misc/stall_warning'
[  131.7s] [XP12] [XP12] Dataref not found: 'sim/flightmodel2/gear/tire_sink_depth'
[  131.7s] [XP12] [XP12] Dataref not found: 'sim/weather/aircraft_wind_speed_kt'
[  131.7s] [XP12] [XP12] Dataref not found: 'sim/weather/aircraft_wind_direction_degt'
[  131.7s] [XP12] [XP12] Dataref not found: 'sim/flightmodel2/gear/tire_skid'
[  131.7s] [XP12] [XP12] Dataref not found: 'sim/aircraft/limits/Vso'
[  131.7s] [XP12] [XP12] Dataref not found: 'sim/aircraft/limits/Vno'
[  131.8s] [XP12] [XP12] Dataref not found: 'sim/aircraft/limits/Vne'
[  131.8s] [XP12] [XP12] Dataref not found: 'sim/aircraft/limits/Vfe'
[  131.8s] [XP12] [XP12] Dataref not found: 'sim/aircraft/limits/Vle'
[  131.8s] [XP12] [XP12] Dataref not found: 'sim/weather/cloud_base_msl_m'
[  131.8s] [Airborne] GS=135.5kt IAS=138.6kt VS=814fpm AGL=218ft Bnk=-6.6° Pit=5.2° Hdg=52° Gn=1.06 Gl=0.00 Ga=-0.22 Sink=0.000m Skid=0.000 Thr=0.93 Flp=0.40 Sbk=0.00 Wind=0kt@0° Xpdr=1 AP=True GS=0.00dot LOC=0.00dot
[  132.9s] [XP12] [XP12] Dataref not found: 'sim/flightmodel/misc/stall_warning'
[  132.9s] [XP12] [XP12] Dataref not found: 'sim/flightmodel2/gear/tire_sink_depth'
[  132.9s] [XP12] [XP12] Dataref not found: 'sim/weather/aircraft_wind_speed_kt'
[  132.9s] [XP12] [XP12] Dataref not found: 'sim/weather/aircraft_wind_direction_degt'
[  132.9s] [XP12] [XP12] Dataref not found: 'sim/flightmodel2/gear/tire_skid'
[  132.9s] [XP12] [XP12] Dataref not found: 'sim/aircraft/limits/Vso'
[  133.0s] [XP12] [XP12] Dataref not found: 'sim/aircraft/limits/Vno'
[  133.0s] [XP12] [XP12] Dataref not found: 'sim/aircraft/limits/Vne'
[  133.0s] [XP12] [XP12] Dataref not found: 'sim/aircraft/limits/Vfe'
[  133.0s] [XP12] [XP12] Dataref not found: 'sim/aircraft/limits/Vle'
[  133.0s] [XP12] [XP12] Dataref not found: 'sim/weather/cloud_base_msl_m'
[  133.1s] [Airborne] GS=138.4kt IAS=141.4kt VS=841fpm AGL=238ft Bnk=-7.8° Pit=5.4° Hdg=51° Gn=1.02 Gl=0.00 Ga=-0.21 Sink=0.000m Skid=0.000 Thr=0.93 Flp=0.40 Sbk=0.00 Wind=0kt@0° Xpdr=1 AP=True GS=0.00dot LOC=0.00dot
[  134.1s] [XP12] [XP12] Dataref not found: 'sim/flightmodel/misc/stall_warning'
[  134.1s] [XP12] [XP12] Dataref not found: 'sim/flightmodel2/gear/tire_sink_depth'
[  134.1s] [XP12] [XP12] Dataref not found: 'sim/weather/aircraft_wind_speed_kt'
[  134.1s] [XP12] [XP12] Dataref not found: 'sim/weather/aircraft_wind_direction_degt'
[  134.2s] [XP12] [XP12] Dataref not found: 'sim/flightmodel2/gear/tire_skid'
[  134.2s] [XP12] [XP12] Dataref not found: 'sim/aircraft/limits/Vso'
[  134.2s] [XP12] [XP12] Dataref not found: 'sim/aircraft/limits/Vno'
[  134.2s] [XP12] [XP12] Dataref not found: 'sim/aircraft/limits/Vne'
[  134.2s] [XP12] [XP12] Dataref not found: 'sim/aircraft/limits/Vfe'
[  134.2s] [XP12] [XP12] Dataref not found: 'sim/aircraft/limits/Vle'
[  134.3s] [XP12] [XP12] Dataref not found: 'sim/weather/cloud_base_msl_m'
[  134.3s] [Airborne] GS=141.0kt IAS=144.1kt VS=964fpm AGL=261ft Bnk=-8.0° Pit=4.8° Hdg=50° Gn=0.93 Gl=-0.00 Ga=-0.20 Sink=0.000m Skid=0.000 Thr=0.93 Flp=0.40 Sbk=0.00 Wind=0kt@0° Xpdr=1 AP=True GS=0.00dot LOC=0.00dot
[  135.3s] [XP12] [XP12] Dataref not found: 'sim/flightmodel/misc/stall_warning'
[  135.3s] [XP12] [XP12] Dataref not found: 'sim/flightmodel2/gear/tire_sink_depth'
[  135.3s] [XP12] [XP12] Dataref not found: 'sim/weather/aircraft_wind_speed_kt'
[  135.3s] [XP12] [XP12] Dataref not found: 'sim/weather/aircraft_wind_direction_degt'
[  135.4s] [XP12] [XP12] Dataref not found: 'sim/flightmodel2/gear/tire_skid'
[  135.4s] [XP12] [XP12] Dataref not found: 'sim/aircraft/limits/Vso'
[  135.4s] [XP12] [XP12] Dataref not found: 'sim/aircraft/limits/Vno'
[  135.4s] [XP12] [XP12] Dataref not found: 'sim/aircraft/limits/Vne'
[  135.4s] [XP12] [XP12] Dataref not found: 'sim/aircraft/limits/Vfe'
[  135.5s] [XP12] [XP12] Dataref not found: 'sim/aircraft/limits/Vle'
[  135.5s] [XP12] [XP12] Dataref not found: 'sim/weather/cloud_base_msl_m'
[  135.5s] [Airborne] GS=143.6kt IAS=146.4kt VS=964fpm AGL=281ft Bnk=-2.3° Pit=4.7° Hdg=49° Gn=0.99 Gl=-0.01 Ga=-0.19 Sink=0.000m Skid=0.000 Thr=0.93 Flp=0.40 Sbk=0.00 Wind=0kt@0° Xpdr=1 AP=True GS=0.00dot LOC=0.00dot
[  136.5s] [XP12] [XP12] Dataref not found: 'sim/flightmodel/misc/stall_warning'
[  136.5s] [XP12] [XP12] Dataref not found: 'sim/flightmodel2/gear/tire_sink_depth'
[  136.5s] [XP12] [XP12] Dataref not found: 'sim/weather/aircraft_wind_speed_kt'
[  136.5s] [XP12] [XP12] Dataref not found: 'sim/weather/aircraft_wind_direction_degt'
[  136.6s] [XP12] [XP12] Dataref not found: 'sim/flightmodel2/gear/tire_skid'
[  136.6s] [XP12] [XP12] Dataref not found: 'sim/aircraft/limits/Vso'
[  136.6s] [XP12] [XP12] Dataref not found: 'sim/aircraft/limits/Vno'
[  136.6s] [XP12] [XP12] Dataref not found: 'sim/aircraft/limits/Vne'
[  136.6s] [XP12] [XP12] Dataref not found: 'sim/aircraft/limits/Vfe'
[  136.7s] [XP12] [XP12] Dataref not found: 'sim/aircraft/limits/Vle'
[  136.7s] [XP12] [XP12] Dataref not found: 'sim/weather/cloud_base_msl_m'
[  136.7s] [Airborne] GS=146.1kt IAS=148.1kt VS=933fpm AGL=303ft Bnk=9.1° Pit=4.6° Hdg=49° Gn=0.99 Gl=-0.02 Ga=-0.18 Sink=0.000m Skid=0.000 Thr=0.93 Flp=0.40 Sbk=0.00 Wind=0kt@0° Xpdr=1 AP=True GS=0.00dot LOC=0.00dot
[  137.7s] [XP12] [XP12] Dataref not found: 'sim/flightmodel/misc/stall_warning'
[  137.7s] [XP12] [XP12] Dataref not found: 'sim/flightmodel2/gear/tire_sink_depth'
[  137.8s] [XP12] [XP12] Dataref not found: 'sim/weather/aircraft_wind_speed_kt'
[  137.8s] [XP12] [XP12] Dataref not found: 'sim/weather/aircraft_wind_direction_degt'
[  137.8s] [XP12] [XP12] Dataref not found: 'sim/flightmodel2/gear/tire_skid'
[  137.8s] [XP12] [XP12] Dataref not found: 'sim/aircraft/limits/Vso'
[  137.8s] [XP12] [XP12] Dataref not found: 'sim/aircraft/limits/Vno'
[  137.8s] [XP12] [XP12] Dataref not found: 'sim/aircraft/limits/Vne'
[  137.9s] [XP12] [XP12] Dataref not found: 'sim/aircraft/limits/Vfe'
[  137.9s] [XP12] [XP12] Dataref not found: 'sim/aircraft/limits/Vle'
[  137.9s] [XP12] [XP12] Dataref not found: 'sim/weather/cloud_base_msl_m'
[  137.9s] [Airborne] GS=148.6kt IAS=149.8kt VS=897fpm AGL=327ft Bnk=20.5° Pit=3.9° Hdg=51° Gn=0.99 Gl=-0.02 Ga=-0.18 Sink=0.000m Skid=0.000 Thr=0.93 Flp=0.40 Sbk=0.00 Wind=0kt@0° Xpdr=1 AP=True GS=0.00dot LOC=0.00dot
[  138.9s] [XP12] [XP12] Dataref not found: 'sim/flightmodel/misc/stall_warning'
[  138.9s] [XP12] [XP12] Dataref not found: 'sim/flightmodel2/gear/tire_sink_depth'
[  139.0s] [XP12] [XP12] Dataref not found: 'sim/weather/aircraft_wind_speed_kt'
[  139.0s] [XP12] [XP12] Dataref not found: 'sim/weather/aircraft_wind_direction_degt'
[  139.0s] [XP12] [XP12] Dataref not found: 'sim/flightmodel2/gear/tire_skid'
[  139.0s] [XP12] [XP12] Dataref not found: 'sim/aircraft/limits/Vso'
[  139.0s] [XP12] [XP12] Dataref not found: 'sim/aircraft/limits/Vno'
[  139.1s] [XP12] [XP12] Dataref not found: 'sim/aircraft/limits/Vne'
[  139.1s] [XP12] [XP12] Dataref not found: 'sim/aircraft/limits/Vfe'
[  139.1s] [XP12] [XP12] Dataref not found: 'sim/aircraft/limits/Vle'
[  139.1s] [XP12] [XP12] Dataref not found: 'sim/weather/cloud_base_msl_m'
[  139.1s] [Airborne] GS=151.0kt IAS=152.6kt VS=793fpm AGL=359ft Bnk=28.2° Pit=4.5° Hdg=55° Gn=1.22 Gl=-0.01 Ga=-0.17 Sink=0.000m Skid=0.000 Thr=0.93 Flp=0.40 Sbk=0.00 Wind=0kt@0° Xpdr=1 AP=True GS=0.00dot LOC=0.00dot
[  140.1s] [XP12] [XP12] Dataref not found: 'sim/flightmodel/misc/stall_warning'
[  140.2s] [XP12] [XP12] Dataref not found: 'sim/flightmodel2/gear/tire_sink_depth'
[  140.2s] [XP12] [XP12] Dataref not found: 'sim/weather/aircraft_wind_speed_kt'
[  140.2s] [XP12] [XP12] Dataref not found: 'sim/weather/aircraft_wind_direction_degt'
[  140.2s] [XP12] [XP12] Dataref not found: 'sim/flightmodel2/gear/tire_skid'
[  140.2s] [XP12] [XP12] Dataref not found: 'sim/aircraft/limits/Vso'
[  140.3s] [XP12] [XP12] Dataref not found: 'sim/aircraft/limits/Vno'
[  140.3s] [XP12] [XP12] Dataref not found: 'sim/aircraft/limits/Vne'
[  140.3s] [XP12] [XP12] Dataref not found: 'sim/aircraft/limits/Vfe'
[  140.3s] [XP12] [XP12] Dataref not found: 'sim/aircraft/limits/Vle'
[  140.3s] [XP12] [XP12] Dataref not found: 'sim/weather/cloud_base_msl_m'
[  140.4s] [Airborne] GS=152.5kt IAS=155.7kt VS=853fpm AGL=354ft Bnk=30.1° Pit=5.3° Hdg=60° Gn=1.20 Gl=-0.02 Ga=-0.16 Sink=0.000m Skid=0.000 Thr=0.93 Flp=0.40 Sbk=0.00 Wind=0kt@0° Xpdr=1 AP=True GS=0.00dot LOC=0.00dot
[  141.4s] [XP12] [XP12] Dataref not found: 'sim/flightmodel/misc/stall_warning'
[  141.4s] [XP12] [XP12] Dataref not found: 'sim/flightmodel2/gear/tire_sink_depth'
[  141.4s] [XP12] [XP12] Dataref not found: 'sim/weather/aircraft_wind_speed_kt'
[  141.4s] [XP12] [XP12] Dataref not found: 'sim/weather/aircraft_wind_direction_degt'
[  141.4s] [XP12] [XP12] Dataref not found: 'sim/flightmodel2/gear/tire_skid'
[  141.5s] [XP12] [XP12] Dataref not found: 'sim/aircraft/limits/Vso'
[  141.5s] [XP12] [XP12] Dataref not found: 'sim/aircraft/limits/Vno'
[  141.5s] [XP12] [XP12] Dataref not found: 'sim/aircraft/limits/Vne'
[  141.5s] [XP12] [XP12] Dataref not found: 'sim/aircraft/limits/Vfe'
[  141.5s] [XP12] [XP12] Dataref not found: 'sim/aircraft/limits/Vle'
[  141.6s] [XP12] [XP12] Dataref not found: 'sim/weather/cloud_base_msl_m'
[  141.6s] [Airborne] GS=153.5kt IAS=157.7kt VS=1118fpm AGL=380ft Bnk=33.9° Pit=6.8° Hdg=66° Gn=1.30 Gl=-0.01 Ga=-0.16 Sink=0.000m Skid=0.000 Thr=0.93 Flp=0.40 Sbk=0.00 Wind=0kt@0° Xpdr=1 AP=True GS=0.00dot LOC=0.00dot
[  142.6s] [XP12] [XP12] Dataref not found: 'sim/flightmodel/misc/stall_warning'
[  142.6s] [XP12] [XP12] Dataref not found: 'sim/flightmodel2/gear/tire_sink_depth'
[  142.6s] [XP12] [XP12] Dataref not found: 'sim/weather/aircraft_wind_speed_kt'
[  142.7s] [XP12] [XP12] Dataref not found: 'sim/weather/aircraft_wind_direction_degt'
[  142.7s] [XP12] [XP12] Dataref not found: 'sim/flightmodel2/gear/tire_skid'
[  142.7s] [XP12] [XP12] Dataref not found: 'sim/aircraft/limits/Vso'
[  142.7s] [XP12] [XP12] Dataref not found: 'sim/aircraft/limits/Vno'
[  142.7s] [XP12] [XP12] Dataref not found: 'sim/aircraft/limits/Vne'
[  142.7s] [XP12] [XP12] Dataref not found: 'sim/aircraft/limits/Vfe'
[  142.8s] [XP12] [XP12] Dataref not found: 'sim/aircraft/limits/Vle'
[  142.8s] [XP12] [XP12] Dataref not found: 'sim/weather/cloud_base_msl_m'
[  142.8s] EVENT: High bank (50.1°)
[  142.8s] [Airborne] GS=154.2kt IAS=158.0kt VS=1374fpm AGL=412ft Bnk=50.1° Pit=8.0° Hdg=73° Gn=1.50 Gl=-0.05 Ga=-0.17 Sink=0.000m Skid=0.000 Thr=0.93 Flp=0.40 Sbk=0.00 Wind=0kt@0° Xpdr=1 AP=True GS=0.00dot LOC=0.00dot
[  143.8s] [XP12] [XP12] Dataref not found: 'sim/flightmodel/misc/stall_warning'
[  143.8s] [XP12] [XP12] Dataref not found: 'sim/flightmodel2/gear/tire_sink_depth'
[  143.9s] [XP12] [XP12] Dataref not found: 'sim/weather/aircraft_wind_speed_kt'
[  143.9s] [XP12] [XP12] Dataref not found: 'sim/weather/aircraft_wind_direction_degt'
[  143.9s] [XP12] [XP12] Dataref not found: 'sim/flightmodel2/gear/tire_skid'
[  143.9s] [XP12] [XP12] Dataref not found: 'sim/aircraft/limits/Vso'
[  143.9s] [XP12] [XP12] Dataref not found: 'sim/aircraft/limits/Vno'
[  143.9s] [XP12] [XP12] Dataref not found: 'sim/aircraft/limits/Vne'
[  144.0s] [XP12] [XP12] Dataref not found: 'sim/aircraft/limits/Vfe'
[  144.0s] [XP12] [XP12] Dataref not found: 'sim/aircraft/limits/Vle'
[  144.0s] [XP12] [XP12] Dataref not found: 'sim/weather/cloud_base_msl_m'
[  144.0s] EVENT: Very high bank (64.9°)
[  144.0s] [Airborne] GS=154.4kt IAS=156.6kt VS=1462fpm AGL=441ft Bnk=64.9° Pit=7.6° Hdg=85° Gn=1.48 Gl=-0.06 Ga=-0.19 Sink=0.000m Skid=0.000 Thr=0.93 Flp=0.40 Sbk=0.00 Wind=0kt@0° Xpdr=1 AP=True GS=0.00dot LOC=0.00dot
[  145.0s] [XP12] [XP12] Dataref not found: 'sim/flightmodel/misc/stall_warning'
[  145.0s] [XP12] [XP12] Dataref not found: 'sim/flightmodel2/gear/tire_sink_depth'
[  145.1s] [XP12] [XP12] Dataref not found: 'sim/weather/aircraft_wind_speed_kt'
[  145.1s] [XP12] [XP12] Dataref not found: 'sim/weather/aircraft_wind_direction_degt'
[  145.1s] [XP12] [XP12] Dataref not found: 'sim/flightmodel2/gear/tire_skid'
[  145.1s] [XP12] [XP12] Dataref not found: 'sim/aircraft/limits/Vso'
[  145.1s] [XP12] [XP12] Dataref not found: 'sim/aircraft/limits/Vno'
[  145.1s] [XP12] [XP12] Dataref not found: 'sim/aircraft/limits/Vne'
[  145.2s] [XP12] [XP12] Dataref not found: 'sim/aircraft/limits/Vfe'
[  145.2s] [XP12] [XP12] Dataref not found: 'sim/aircraft/limits/Vle'
[  145.2s] [XP12] [XP12] Dataref not found: 'sim/weather/cloud_base_msl_m'
[  145.2s] [Airborne] GS=156.0kt IAS=155.8kt VS=1102fpm AGL=461ft Bnk=74.2° Pit=2.7° Hdg=98° Gn=1.56 Gl=-0.02 Ga=-0.20 Sink=0.000m Skid=0.000 Thr=0.93 Flp=0.40 Sbk=0.00 Wind=0kt@0° Xpdr=1 AP=True GS=0.00dot LOC=0.00dot
[  146.2s] [XP12] [XP12] Dataref not found: 'sim/flightmodel/misc/stall_warning'
[  146.2s] [XP12] [XP12] Dataref not found: 'sim/flightmodel2/gear/tire_sink_depth'
[  146.3s] [XP12] [XP12] Dataref not found: 'sim/weather/aircraft_wind_speed_kt'
[  146.3s] [XP12] [XP12] Dataref not found: 'sim/weather/aircraft_wind_direction_degt'
[  146.3s] [XP12] [XP12] Dataref not found: 'sim/flightmodel2/gear/tire_skid'
[  146.3s] [XP12] [XP12] Dataref not found: 'sim/aircraft/limits/Vso'
[  146.3s] [XP12] [XP12] Dataref not found: 'sim/aircraft/limits/Vno'
[  146.3s] [XP12] [XP12] Dataref not found: 'sim/aircraft/limits/Vne'
[  146.4s] [XP12] [XP12] Dataref not found: 'sim/aircraft/limits/Vfe'
[  146.4s] [XP12] [XP12] Dataref not found: 'sim/aircraft/limits/Vle'
[  146.4s] [XP12] [XP12] Dataref not found: 'sim/weather/cloud_base_msl_m'
[  146.4s] [Airborne] GS=159.6kt IAS=156.7kt VS=104fpm AGL=458ft Bnk=78.3° Pit=-2.2° Hdg=110° Gn=1.62 Gl=-0.03 Ga=-0.19 Sink=0.000m Skid=0.000 Thr=0.93 Flp=0.40 Sbk=0.00 Wind=0kt@0° Xpdr=1 AP=True GS=0.00dot LOC=0.00dot
[  147.4s] [XP12] [XP12] Dataref not found: 'sim/flightmodel/misc/stall_warning'
[  147.4s] [XP12] [XP12] Dataref not found: 'sim/flightmodel2/gear/tire_sink_depth'
[  147.5s] [XP12] [XP12] Dataref not found: 'sim/weather/aircraft_wind_speed_kt'
[  147.5s] [XP12] [XP12] Dataref not found: 'sim/weather/aircraft_wind_direction_degt'
[  147.5s] [XP12] [XP12] Dataref not found: 'sim/flightmodel2/gear/tire_skid'
[  147.5s] [XP12] [XP12] Dataref not found: 'sim/aircraft/limits/Vso'
[  147.5s] [XP12] [XP12] Dataref not found: 'sim/aircraft/limits/Vno'
[  147.5s] [XP12] [XP12] Dataref not found: 'sim/aircraft/limits/Vne'
[  147.6s] [XP12] [XP12] Dataref not found: 'sim/aircraft/limits/Vfe'
[  147.6s] [XP12] [XP12] Dataref not found: 'sim/aircraft/limits/Vle'
[  147.6s] [XP12] [XP12] Dataref not found: 'sim/weather/cloud_base_msl_m'
[  147.6s] EVENT: Unstable approach below 500ft (160kt / -1258 fpm)
[  147.6s] [Airborne] GS=165.5kt IAS=160.1kt VS=-1258fpm AGL=425ft Bnk=79.1° Pit=-7.3° Hdg=121° Gn=1.61 Gl=-0.03 Ga=-0.16 Sink=0.000m Skid=0.000 Thr=0.93 Flp=0.40 Sbk=0.00 Wind=0kt@0° Xpdr=1 AP=True GS=0.00dot LOC=0.00dot
[  148.6s] [XP12] [XP12] Dataref not found: 'sim/flightmodel/misc/stall_warning'
[  148.7s] [XP12] [XP12] Dataref not found: 'sim/flightmodel2/gear/tire_sink_depth'
[  148.7s] [XP12] [XP12] Dataref not found: 'sim/weather/aircraft_wind_speed_kt'
[  148.7s] [XP12] [XP12] Dataref not found: 'sim/weather/aircraft_wind_direction_degt'
[  148.7s] [XP12] [XP12] Dataref not found: 'sim/flightmodel2/gear/tire_skid'
[  148.7s] [XP12] [XP12] Dataref not found: 'sim/aircraft/limits/Vso'
[  148.7s] [XP12] [XP12] Dataref not found: 'sim/aircraft/limits/Vno'
[  148.8s] [XP12] [XP12] Dataref not found: 'sim/aircraft/limits/Vne'
[  148.8s] [XP12] [XP12] Dataref not found: 'sim/aircraft/limits/Vfe'
[  148.8s] [XP12] [XP12] Dataref not found: 'sim/aircraft/limits/Vle'
[  148.8s] [XP12] [XP12] Dataref not found: 'sim/weather/cloud_base_msl_m'
[  148.8s] EVENT: High G (2.5G)
[  148.8s] EVENT: High descent rate (-2786 fpm below 1,000ft AGL)
[  148.8s] [Airborne] GS=173.1kt IAS=164.6kt VS=-2786fpm AGL=359ft Bnk=76.3° Pit=-10.9° Hdg=140° Gn=2.52 Gl=-0.02 Ga=-0.26 Sink=0.000m Skid=0.000 Thr=0.93 Flp=0.40 Sbk=0.00 Wind=0kt@0° Xpdr=1 AP=True GS=0.00dot LOC=0.00dot
[  149.8s] [XP12] [XP12] Dataref not found: 'sim/flightmodel/misc/stall_warning'
[  149.9s] [XP12] [XP12] Dataref not found: 'sim/flightmodel2/gear/tire_sink_depth'
[  149.9s] [XP12] [XP12] Dataref not found: 'sim/weather/aircraft_wind_speed_kt'
[  149.9s] [XP12] [XP12] Dataref not found: 'sim/weather/aircraft_wind_direction_degt'
[  149.9s] [XP12] [XP12] Dataref not found: 'sim/flightmodel2/gear/tire_skid'
[  149.9s] [XP12] [XP12] Dataref not found: 'sim/aircraft/limits/Vso'
[  149.9s] [XP12] [XP12] Dataref not found: 'sim/aircraft/limits/Vno'
[  150.0s] [XP12] [XP12] Dataref not found: 'sim/aircraft/limits/Vne'
[  150.0s] [XP12] [XP12] Dataref not found: 'sim/aircraft/limits/Vfe'
[  150.0s] [XP12] [XP12] Dataref not found: 'sim/aircraft/limits/Vle'
[  150.0s] [XP12] [XP12] Dataref not found: 'sim/weather/cloud_base_msl_m'
[  150.0s] [Airborne] GS=180.1kt IAS=167.3kt VS=-4031fpm AGL=271ft Bnk=69.9° Pit=-12.5° Hdg=159° Gn=2.64 Gl=-0.02 Ga=-0.26 Sink=0.000m Skid=0.000 Thr=0.93 Flp=0.40 Sbk=0.00 Wind=0kt@0° Xpdr=1 AP=True GS=0.00dot LOC=0.00dot
[  151.1s] [XP12] [XP12] Dataref not found: 'sim/flightmodel/misc/stall_warning'
[  151.1s] [XP12] [XP12] Dataref not found: 'sim/flightmodel2/gear/tire_sink_depth'
[  151.1s] [XP12] [XP12] Dataref not found: 'sim/weather/aircraft_wind_speed_kt'
[  151.1s] [XP12] [XP12] Dataref not found: 'sim/weather/aircraft_wind_direction_degt'
[  151.1s] [XP12] [XP12] Dataref not found: 'sim/flightmodel2/gear/tire_skid'
[  151.1s] [XP12] [XP12] Dataref not found: 'sim/aircraft/limits/Vso'
[  151.2s] [XP12] [XP12] Dataref not found: 'sim/aircraft/limits/Vno'
[  151.2s] [XP12] [XP12] Dataref not found: 'sim/aircraft/limits/Vne'
[  151.2s] [XP12] [XP12] Dataref not found: 'sim/aircraft/limits/Vfe'
[  151.2s] [XP12] [XP12] Dataref not found: 'sim/aircraft/limits/Vle'
[  151.2s] [XP12] [XP12] Dataref not found: 'sim/weather/cloud_base_msl_m'
[  151.2s] EVENT: High bank (55.7°)
[  151.2s] [Airborne] GS=186.0kt IAS=170.4kt VS=-4593fpm AGL=176ft Bnk=55.7° Pit=-10.9° Hdg=177° Gn=2.68 Gl=0.03 Ga=-0.25 Sink=0.000m Skid=0.000 Thr=0.93 Flp=0.40 Sbk=0.00 Wind=0kt@0° Xpdr=1 AP=True GS=0.00dot LOC=0.00dot
[  152.3s] [XP12] [XP12] Dataref not found: 'sim/flightmodel/misc/stall_warning'
[  152.3s] [XP12] [XP12] Dataref not found: 'sim/flightmodel2/gear/tire_sink_depth'
[  152.3s] [XP12] [XP12] Dataref not found: 'sim/weather/aircraft_wind_speed_kt'
[  152.3s] [XP12] [XP12] Dataref not found: 'sim/weather/aircraft_wind_direction_degt'
[  152.3s] [XP12] [XP12] Dataref not found: 'sim/flightmodel2/gear/tire_skid'
[  152.3s] [XP12] [XP12] Dataref not found: 'sim/aircraft/limits/Vso'
[  152.3s] [XP12] [XP12] Dataref not found: 'sim/aircraft/limits/Vno'
[  152.4s] [XP12] [XP12] Dataref not found: 'sim/aircraft/limits/Vne'
[  152.4s] [XP12] [XP12] Dataref not found: 'sim/aircraft/limits/Vfe'
[  152.4s] [XP12] [XP12] Dataref not found: 'sim/aircraft/limits/Vle'
[  152.4s] [XP12] [XP12] Dataref not found: 'sim/weather/cloud_base_msl_m'
[  152.4s] [Airborne] GS=190.2kt IAS=173.4kt VS=-4092fpm AGL=98ft Bnk=47.3° Pit=-4.4° Hdg=191° Gn=2.71 Gl=-0.02 Ga=-0.24 Sink=0.000m Skid=0.000 Thr=0.93 Flp=0.40 Sbk=0.00 Wind=0kt@0° Xpdr=1 AP=True GS=0.00dot LOC=0.00dot
[  153.5s] [XP12] [XP12] Dataref not found: 'sim/flightmodel/misc/stall_warning'
[  153.5s] [XP12] [XP12] Dataref not found: 'sim/flightmodel2/gear/tire_sink_depth'
[  153.5s] [XP12] [XP12] Dataref not found: 'sim/weather/aircraft_wind_speed_kt'
[  153.5s] [XP12] [XP12] Dataref not found: 'sim/weather/aircraft_wind_direction_degt'
[  153.5s] [XP12] [XP12] Dataref not found: 'sim/flightmodel2/gear/tire_skid'
[  153.6s] [XP12] [XP12] Dataref not found: 'sim/aircraft/limits/Vso'
[  153.6s] [XP12] [XP12] Dataref not found: 'sim/aircraft/limits/Vno'
[  153.6s] [XP12] [XP12] Dataref not found: 'sim/aircraft/limits/Vne'
[  153.6s] [XP12] [XP12] Dataref not found: 'sim/aircraft/limits/Vfe'
[  153.6s] [XP12] [XP12] Dataref not found: 'sim/aircraft/limits/Vle'
[  153.7s] [XP12] [XP12] Dataref not found: 'sim/weather/cloud_base_msl_m'
[  153.7s] EVENT: Excessive approach speed (175kt, Vref=0kt)
[  153.7s] [Airborne] GS=191.5kt IAS=175.3kt VS=-2500fpm AGL=58ft Bnk=37.7° Pit=2.8° Hdg=203° Gn=2.68 Gl=0.00 Ga=-0.24 Sink=0.000m Skid=0.000 Thr=0.93 Flp=0.40 Sbk=0.00 Wind=0kt@0° Xpdr=1 AP=True GS=0.00dot LOC=0.00dot
[  154.7s] [XP12] [XP12] Dataref not found: 'sim/flightmodel/misc/stall_warning'
[  154.7s] [XP12] [XP12] Dataref not found: 'sim/flightmodel2/gear/tire_sink_depth'
[  154.7s] [XP12] [XP12] Dataref not found: 'sim/weather/aircraft_wind_speed_kt'
[  154.7s] [XP12] [XP12] Dataref not found: 'sim/weather/aircraft_wind_direction_degt'
[  154.8s] [XP12] [XP12] Dataref not found: 'sim/flightmodel2/gear/tire_skid'
[  154.8s] [XP12] [XP12] Dataref not found: 'sim/aircraft/limits/Vso'
[  154.8s] [XP12] [XP12] Dataref not found: 'sim/aircraft/limits/Vno'
[  154.8s] [XP12] [XP12] Dataref not found: 'sim/aircraft/limits/Vne'
[  154.8s] [XP12] [XP12] Dataref not found: 'sim/aircraft/limits/Vfe'
[  154.9s] [XP12] [XP12] Dataref not found: 'sim/aircraft/limits/Vle'
[  154.9s] [XP12] [XP12] Dataref not found: 'sim/weather/cloud_base_msl_m'
[  154.9s] [Airborne] GS=190.9kt IAS=176.4kt VS=-381fpm AGL=59ft Bnk=33.0° Pit=9.0° Hdg=212° Gn=2.48 Gl=0.00 Ga=-0.22 Sink=0.000m Skid=0.000 Thr=0.93 Flp=0.40 Sbk=0.00 Wind=0kt@0° Xpdr=1 AP=True GS=0.00dot LOC=0.00dot
[  155.9s] [XP12] [XP12] Dataref not found: 'sim/flightmodel/misc/stall_warning'
[  155.9s] [XP12] [XP12] Dataref not found: 'sim/flightmodel2/gear/tire_sink_depth'
[  156.0s] [XP12] [XP12] Dataref not found: 'sim/weather/aircraft_wind_speed_kt'
[  156.0s] [XP12] [XP12] Dataref not found: 'sim/weather/aircraft_wind_direction_degt'
[  156.0s] [XP12] [XP12] Dataref not found: 'sim/flightmodel2/gear/tire_skid'
[  156.0s] [XP12] [XP12] Dataref not found: 'sim/aircraft/limits/Vso'
[  156.0s] [XP12] [XP12] Dataref not found: 'sim/aircraft/limits/Vno'
[  156.1s] [XP12] [XP12] Dataref not found: 'sim/aircraft/limits/Vne'
[  156.1s] [XP12] [XP12] Dataref not found: 'sim/aircraft/limits/Vfe'
[  156.1s] [XP12] [XP12] Dataref not found: 'sim/aircraft/limits/Vle'
[  156.1s] [XP12] [XP12] Dataref not found: 'sim/weather/cloud_base_msl_m'
[  156.1s] [Airborne] GS=190.3kt IAS=176.5kt VS=1441fpm AGL=95ft Bnk=31.0° Pit=6.4° Hdg=214° Gn=1.02 Gl=-0.02 Ga=-0.11 Sink=0.000m Skid=0.000 Thr=0.93 Flp=0.40 Sbk=0.00 Wind=0kt@0° Xpdr=1 AP=True GS=0.00dot LOC=0.00dot
[  157.2s] [XP12] [XP12] Dataref not found: 'sim/flightmodel/misc/stall_warning'
[  157.2s] [XP12] [XP12] Dataref not found: 'sim/flightmodel2/gear/tire_sink_depth'
[  157.2s] [XP12] [XP12] Dataref not found: 'sim/weather/aircraft_wind_speed_kt'
[  157.2s] [XP12] [XP12] Dataref not found: 'sim/weather/aircraft_wind_direction_degt'
[  157.2s] [XP12] [XP12] Dataref not found: 'sim/flightmodel2/gear/tire_skid'
[  157.3s] [XP12] [XP12] Dataref not found: 'sim/aircraft/limits/Vso'
[  157.3s] [XP12] [XP12] Dataref not found: 'sim/aircraft/limits/Vno'
[  157.3s] [XP12] [XP12] Dataref not found: 'sim/aircraft/limits/Vne'
[  157.3s] [XP12] [XP12] Dataref not found: 'sim/aircraft/limits/Vfe'
[  157.3s] [XP12] [XP12] Dataref not found: 'sim/aircraft/limits/Vle'
[  157.4s] [XP12] [XP12] Dataref not found: 'sim/weather/cloud_base_msl_m'
[  157.4s] [Airborne] GS=190.9kt IAS=175.0kt VS=1867fpm AGL=128ft Bnk=29.6° Pit=6.1° Hdg=219° Gn=1.25 Gl=-0.00 Ga=-0.10 Sink=0.000m Skid=0.000 Thr=0.93 Flp=0.40 Sbk=0.00 Wind=0kt@0° Xpdr=1 AP=True GS=0.00dot LOC=0.00dot
[  158.4s] [XP12] [XP12] Dataref not found: 'sim/flightmodel/misc/stall_warning'
[  158.4s] [XP12] [XP12] Dataref not found: 'sim/flightmodel2/gear/tire_sink_depth'
[  158.4s] [XP12] [XP12] Dataref not found: 'sim/weather/aircraft_wind_speed_kt'
[  158.5s] [XP12] [XP12] Dataref not found: 'sim/weather/aircraft_wind_direction_degt'
[  158.5s] [XP12] [XP12] Dataref not found: 'sim/flightmodel2/gear/tire_skid'
[  158.5s] [XP12] [XP12] Dataref not found: 'sim/aircraft/limits/Vso'
[  158.5s] [XP12] [XP12] Dataref not found: 'sim/aircraft/limits/Vno'
[  158.5s] [XP12] [XP12] Dataref not found: 'sim/aircraft/limits/Vne'
[  158.6s] [XP12] [XP12] Dataref not found: 'sim/aircraft/limits/Vfe'
[  158.6s] [XP12] [XP12] Dataref not found: 'sim/aircraft/limits/Vle'
[  158.6s] [XP12] [XP12] Dataref not found: 'sim/weather/cloud_base_msl_m'
[  158.6s] [Airborne] GS=189.3kt IAS=174.0kt VS=2121fpm AGL=174ft Bnk=17.3° Pit=12.3° Hdg=220° Gn=1.54 Gl=-0.03 Ga=-0.10 Sink=0.000m Skid=0.000 Thr=0.93 Flp=0.40 Sbk=0.00 Wind=0kt@0° Xpdr=1 AP=True GS=0.00dot LOC=0.00dot
[  159.6s] [XP12] [XP12] Dataref not found: 'sim/flightmodel/misc/stall_warning'
[  159.6s] [XP12] [XP12] Dataref not found: 'sim/flightmodel2/gear/tire_sink_depth'
[  159.7s] [XP12] [XP12] Dataref not found: 'sim/weather/aircraft_wind_speed_kt'
[  159.7s] [XP12] [XP12] Dataref not found: 'sim/weather/aircraft_wind_direction_degt'
[  159.7s] [XP12] [XP12] Dataref not found: 'sim/flightmodel2/gear/tire_skid'
[  159.7s] [XP12] [XP12] Dataref not found: 'sim/aircraft/limits/Vso'
[  159.7s] [XP12] [XP12] Dataref not found: 'sim/aircraft/limits/Vno'
[  159.8s] [XP12] [XP12] Dataref not found: 'sim/aircraft/limits/Vne'
[  159.8s] [XP12] [XP12] Dataref not found: 'sim/aircraft/limits/Vfe'
[  159.8s] [XP12] [XP12] Dataref not found: 'sim/aircraft/limits/Vle'
[  159.8s] [XP12] [XP12] Dataref not found: 'sim/weather/cloud_base_msl_m'
[  159.8s] [Airborne] GS=182.9kt IAS=161.0kt VS=3186fpm AGL=251ft Bnk=-35.5° Pit=6.1° Hdg=199° Gn=1.75 Gl=-0.49 Ga=-0.24 Sink=0.000m Skid=0.000 Thr=0.93 Flp=0.40 Sbk=0.00 Wind=0kt@0° Xpdr=1 AP=True GS=0.00dot LOC=0.00dot
[  160.9s] [XP12] [XP12] Dataref not found: 'sim/flightmodel/misc/stall_warning'
[  160.9s] [XP12] [XP12] Dataref not found: 'sim/flightmodel2/gear/tire_sink_depth'
[  160.9s] [XP12] [XP12] Dataref not found: 'sim/weather/aircraft_wind_speed_kt'
[  160.9s] [XP12] [XP12] Dataref not found: 'sim/weather/aircraft_wind_direction_degt'
[  160.9s] [XP12] [XP12] Dataref not found: 'sim/flightmodel2/gear/tire_skid'
[  160.9s] [XP12] [XP12] Dataref not found: 'sim/aircraft/limits/Vso'
[  161.0s] [XP12] [XP12] Dataref not found: 'sim/aircraft/limits/Vno'
[  161.0s] [XP12] [XP12] Dataref not found: 'sim/aircraft/limits/Vne'
[  161.0s] [XP12] [XP12] Dataref not found: 'sim/aircraft/limits/Vfe'
[  161.0s] [XP12] [XP12] Dataref not found: 'sim/aircraft/limits/Vle'
[  161.0s] [XP12] [XP12] Dataref not found: 'sim/weather/cloud_base_msl_m'
[  161.1s] EVENT: Very high bank (-89.3°)
[  161.1s] [Airborne] GS=176.5kt IAS=150.7kt VS=3698fpm AGL=329ft Bnk=-89.3° Pit=14.3° Hdg=202° Gn=1.74 Gl=0.22 Ga=-0.21 Sink=0.000m Skid=0.000 Thr=0.93 Flp=0.40 Sbk=0.00 Wind=0kt@0° Xpdr=1 AP=True GS=0.00dot LOC=0.00dot
[  162.1s] [XP12] [XP12] Dataref not found: 'sim/flightmodel/misc/stall_warning'
[  162.1s] [XP12] [XP12] Dataref not found: 'sim/flightmodel2/gear/tire_sink_depth'
[  162.1s] [XP12] [XP12] Dataref not found: 'sim/weather/aircraft_wind_speed_kt'
[  162.1s] [XP12] [XP12] Dataref not found: 'sim/weather/aircraft_wind_direction_degt'
[  162.2s] [XP12] [XP12] Dataref not found: 'sim/flightmodel2/gear/tire_skid'
[  162.2s] [XP12] [XP12] Dataref not found: 'sim/aircraft/limits/Vso'
[  162.2s] [XP12] [XP12] Dataref not found: 'sim/aircraft/limits/Vno'
[  162.2s] [XP12] [XP12] Dataref not found: 'sim/aircraft/limits/Vne'
[  162.2s] [XP12] [XP12] Dataref not found: 'sim/aircraft/limits/Vfe'
[  162.2s] [XP12] [XP12] Dataref not found: 'sim/aircraft/limits/Vle'
[  162.3s] [XP12] [XP12] Dataref not found: 'sim/weather/cloud_base_msl_m'
[  162.3s] [Airborne] GS=171.0kt IAS=150.1kt VS=2620fpm AGL=377ft Bnk=-71.9° Pit=11.9° Hdg=190° Gn=1.51 Gl=0.20 Ga=-0.19 Sink=0.000m Skid=0.000 Thr=0.93 Flp=0.40 Sbk=0.00 Wind=0kt@0° Xpdr=1 AP=True GS=0.00dot LOC=0.00dot
[  163.3s] [XP12] [XP12] Dataref not found: 'sim/flightmodel/misc/stall_warning'
[  163.3s] [XP12] [XP12] Dataref not found: 'sim/flightmodel2/gear/tire_sink_depth'
[  163.3s] [XP12] [XP12] Dataref not found: 'sim/weather/aircraft_wind_speed_kt'
[  163.4s] [XP12] [XP12] Dataref not found: 'sim/weather/aircraft_wind_direction_degt'
[  163.4s] [XP12] [XP12] Dataref not found: 'sim/flightmodel2/gear/tire_skid'
[  163.4s] [XP12] [XP12] Dataref not found: 'sim/aircraft/limits/Vso'
[  163.4s] [XP12] [XP12] Dataref not found: 'sim/aircraft/limits/Vno'
[  163.4s] [XP12] [XP12] Dataref not found: 'sim/aircraft/limits/Vne'
[  163.4s] [XP12] [XP12] Dataref not found: 'sim/aircraft/limits/Vfe'
[  163.5s] [XP12] [XP12] Dataref not found: 'sim/aircraft/limits/Vle'
[  163.5s] [XP12] [XP12] Dataref not found: 'sim/weather/cloud_base_msl_m'
[  163.5s] [Airborne] GS=167.8kt IAS=149.1kt VS=1494fpm AGL=402ft Bnk=-79.7° Pit=-12.7° Hdg=168° Gn=2.10 Gl=-0.42 Ga=-0.35 Sink=0.000m Skid=0.000 Thr=0.93 Flp=0.40 Sbk=0.00 Wind=0kt@0° Xpdr=1 AP=True GS=0.00dot LOC=0.00dot
[  164.5s] [XP12] [XP12] Dataref not found: 'sim/flightmodel/misc/stall_warning'
[  164.5s] [XP12] [XP12] Dataref not found: 'sim/flightmodel2/gear/tire_sink_depth'
[  164.6s] [XP12] [XP12] Dataref not found: 'sim/weather/aircraft_wind_speed_kt'
[  164.6s] [XP12] [XP12] Dataref not found: 'sim/weather/aircraft_wind_direction_degt'
[  164.6s] [XP12] [XP12] Dataref not found: 'sim/flightmodel2/gear/tire_skid'
[  164.6s] [XP12] [XP12] Dataref not found: 'sim/aircraft/limits/Vso'
[  164.6s] [XP12] [XP12] Dataref not found: 'sim/aircraft/limits/Vno'
[  164.7s] [XP12] [XP12] Dataref not found: 'sim/aircraft/limits/Vne'
[  164.7s] [XP12] [XP12] Dataref not found: 'sim/aircraft/limits/Vfe'
[  164.7s] [XP12] [XP12] Dataref not found: 'sim/aircraft/limits/Vle'
[  164.7s] [XP12] [XP12] Dataref not found: 'sim/weather/cloud_base_msl_m'
[  164.7s] [Airborne] GS=168.1kt IAS=151.0kt VS=-584fpm AGL=376ft Bnk=-97.8° Pit=-9.2° Hdg=158° Gn=1.94 Gl=0.11 Ga=-0.23 Sink=0.000m Skid=0.000 Thr=0.93 Flp=0.40 Sbk=0.00 Wind=0kt@0° Xpdr=1 AP=True GS=0.00dot LOC=0.00dot
[  165.8s] [XP12] [XP12] Dataref not found: 'sim/flightmodel/misc/stall_warning'
[  165.8s] [XP12] [XP12] Dataref not found: 'sim/flightmodel2/gear/tire_sink_depth'
[  165.8s] [XP12] [XP12] Dataref not found: 'sim/weather/aircraft_wind_speed_kt'
[  165.8s] [XP12] [XP12] Dataref not found: 'sim/weather/aircraft_wind_direction_degt'
[  165.8s] [XP12] [XP12] Dataref not found: 'sim/flightmodel2/gear/tire_skid'
[  165.8s] [XP12] [XP12] Dataref not found: 'sim/aircraft/limits/Vso'
[  165.9s] [XP12] [XP12] Dataref not found: 'sim/aircraft/limits/Vno'
[  165.9s] [XP12] [XP12] Dataref not found: 'sim/aircraft/limits/Vne'
[  165.9s] [XP12] [XP12] Dataref not found: 'sim/aircraft/limits/Vfe'
[  165.9s] [XP12] [XP12] Dataref not found: 'sim/aircraft/limits/Vle'
[  165.9s] [XP12] [XP12] Dataref not found: 'sim/weather/cloud_base_msl_m'
[  165.9s] [Airborne] GS=171.2kt IAS=157.0kt VS=-3223fpm AGL=294ft Bnk=-80.9° Pit=-19.6° Hdg=142° Gn=1.99 Gl=-0.10 Ga=-0.21 Sink=0.000m Skid=0.000 Thr=0.93 Flp=0.40 Sbk=0.00 Wind=0kt@0° Xpdr=1 AP=True GS=0.00dot LOC=0.00dot
[  167.0s] [XP12] [XP12] Dataref not found: 'sim/flightmodel/misc/stall_warning'
[  167.0s] [XP12] [XP12] Dataref not found: 'sim/flightmodel2/gear/tire_sink_depth'
[  167.0s] [XP12] [XP12] Dataref not found: 'sim/weather/aircraft_wind_speed_kt'
[  167.0s] [XP12] [XP12] Dataref not found: 'sim/weather/aircraft_wind_direction_degt'
[  167.0s] [XP12] [XP12] Dataref not found: 'sim/flightmodel2/gear/tire_skid'
[  167.0s] [XP12] [XP12] Dataref not found: 'sim/aircraft/limits/Vso'
[  167.1s] [XP12] [XP12] Dataref not found: 'sim/aircraft/limits/Vno'
[  167.1s] [XP12] [XP12] Dataref not found: 'sim/aircraft/limits/Vne'
[  167.1s] [XP12] [XP12] Dataref not found: 'sim/aircraft/limits/Vfe'
[  167.1s] [XP12] [XP12] Dataref not found: 'sim/aircraft/limits/Vle'
[  167.1s] [XP12] [XP12] Dataref not found: 'sim/weather/cloud_base_msl_m'
[  167.1s] EVENT: High G (2.7G)
[  167.1s] [Airborne] GS=175.4kt IAS=162.7kt VS=-5338fpm AGL=177ft Bnk=-62.8° Pit=-17.7° Hdg=123° Gn=2.75 Gl=-0.02 Ga=-0.30 Sink=0.000m Skid=0.000 Thr=0.93 Flp=0.40 Sbk=0.00 Wind=0kt@0° Xpdr=1 AP=True GS=0.00dot LOC=0.00dot
[  168.2s] [XP12] [XP12] Dataref not found: 'sim/flightmodel/misc/stall_warning'
[  168.2s] [XP12] [XP12] Dataref not found: 'sim/flightmodel2/gear/tire_sink_depth'
[  168.2s] [XP12] [XP12] Dataref not found: 'sim/weather/aircraft_wind_speed_kt'
[  168.2s] [XP12] [XP12] Dataref not found: 'sim/weather/aircraft_wind_direction_degt'
[  168.2s] [XP12] [XP12] Dataref not found: 'sim/flightmodel2/gear/tire_skid'
[  168.2s] [XP12] [XP12] Dataref not found: 'sim/aircraft/limits/Vso'
[  168.3s] [XP12] [XP12] Dataref not found: 'sim/aircraft/limits/Vno'
[  168.3s] [XP12] [XP12] Dataref not found: 'sim/aircraft/limits/Vne'
[  168.3s] [XP12] [XP12] Dataref not found: 'sim/aircraft/limits/Vfe'
[  168.3s] [XP12] [XP12] Dataref not found: 'sim/aircraft/limits/Vle'
[  168.3s] [XP12] [XP12] Dataref not found: 'sim/weather/cloud_base_msl_m'
[  168.4s] [Airborne] GS=178.7kt IAS=167.6kt VS=-5909fpm AGL=59ft Bnk=-43.4° Pit=-11.8° Hdg=109° Gn=2.67 Gl=-0.03 Ga=-0.25 Sink=0.000m Skid=0.000 Thr=0.93 Flp=0.40 Sbk=0.00 Wind=0kt@0° Xpdr=1 AP=True GS=0.00dot LOC=0.00dot
[  169.4s] [XP12] [XP12] Dataref not found: 'sim/flightmodel/misc/stall_warning'
[  169.4s] [XP12] [XP12] Dataref not found: 'sim/flightmodel2/gear/tire_sink_depth'
[  169.4s] [XP12] [XP12] Dataref not found: 'sim/weather/aircraft_wind_speed_kt'
[  169.4s] [XP12] [XP12] Dataref not found: 'sim/weather/aircraft_wind_direction_degt'
[  169.4s] [XP12] [XP12] Dataref not found: 'sim/flightmodel2/gear/tire_skid'
[  169.5s] [XP12] [XP12] Dataref not found: 'sim/aircraft/limits/Vso'
[  169.5s] [XP12] [XP12] Dataref not found: 'sim/aircraft/limits/Vno'
[  169.5s] [XP12] [XP12] Dataref not found: 'sim/aircraft/limits/Vne'
[  169.5s] [XP12] [XP12] Dataref not found: 'sim/aircraft/limits/Vfe'
[  169.5s] [XP12] [XP12] Dataref not found: 'sim/aircraft/limits/Vle'
[  169.5s] [XP12] [XP12] Dataref not found: 'sim/weather/cloud_base_msl_m'
[  169.6s] Landing  GPS=(35.01816,-80.59664)  VS=-5443fpm
[  169.6s] EVENT: Gear-up landing
[  169.6s] Phase → Landed
[  169.6s] EVENT: Crash
[  169.6s] [Landed] GS=4.4kt IAS=170.1kt VS=-5443fpm AGL=2ft Bnk=-18.5° Pit=-10.3° Hdg=96° Gn=0.34 Gl=0.30 Ga=-0.02 Sink=0.000m Skid=0.000 Thr=0.93 Flp=0.40 Sbk=0.00 Wind=0kt@0° Xpdr=1 AP=False GS=0.00dot LOC=0.00dot
[  170.6s] [XP12] [XP12] Dataref not found: 'sim/flightmodel/misc/stall_warning'
[  170.6s] [XP12] [XP12] Dataref not found: 'sim/flightmodel2/gear/tire_sink_depth'
[  170.6s] [XP12] [XP12] Dataref not found: 'sim/weather/aircraft_wind_speed_kt'
[  170.6s] [XP12] [XP12] Dataref not found: 'sim/weather/aircraft_wind_direction_degt'
[  170.6s] [XP12] [XP12] Dataref not found: 'sim/flightmodel2/gear/tire_skid'
[  170.6s] [XP12] [XP12] Dataref not found: 'sim/aircraft/limits/Vso'
[  170.7s] [XP12] [XP12] Dataref not found: 'sim/aircraft/limits/Vno'
[  170.7s] [XP12] [XP12] Dataref not found: 'sim/aircraft/limits/Vne'
[  170.7s] [XP12] [XP12] Dataref not found: 'sim/aircraft/limits/Vfe'
[  170.7s] [XP12] [XP12] Dataref not found: 'sim/aircraft/limits/Vle'
[  170.7s] [XP12] [XP12] Dataref not found: 'sim/weather/cloud_base_msl_m'
[  170.7s] [DEBUG] Parking brake set  GPS=(35.01815,-80.59664)
[  170.7s] [Landed] GS=1.2kt IAS=170.1kt VS=-5443fpm AGL=-2ft Bnk=-4.0° Pit=4.7° Hdg=90° Gn=0.90 Gl=0.19 Ga=-0.18 Sink=0.000m Skid=0.000 Thr=0.93 Flp=0.40 Sbk=0.00 Wind=0kt@0° Xpdr=1 AP=False GS=0.00dot LOC=0.00dot
[  171.8s] [XP12] [XP12] Dataref not found: 'sim/flightmodel/misc/stall_warning'
[  171.8s] [XP12] [XP12] Dataref not found: 'sim/flightmodel2/gear/tire_sink_depth'
[  171.8s] [XP12] [XP12] Dataref not found: 'sim/weather/aircraft_wind_speed_kt'
[  171.8s] [XP12] [XP12] Dataref not found: 'sim/weather/aircraft_wind_direction_degt'
[  171.8s] [XP12] [XP12] Dataref not found: 'sim/flightmodel2/gear/tire_skid'
[  171.8s] [XP12] [XP12] Dataref not found: 'sim/aircraft/limits/Vso'
[  171.9s] [XP12] [XP12] Dataref not found: 'sim/aircraft/limits/Vno'
[  171.9s] [XP12] [XP12] Dataref not found: 'sim/aircraft/limits/Vne'
[  171.9s] [XP12] [XP12] Dataref not found: 'sim/aircraft/limits/Vfe'
[  171.9s] [XP12] [XP12] Dataref not found: 'sim/aircraft/limits/Vle'
[  171.9s] [XP12] [XP12] Dataref not found: 'sim/weather/cloud_base_msl_m'
[  171.9s] [DEBUG] Parking brake set  GPS=(35.01815,-80.59664)
[  171.9s] [Landed] GS=0.0kt IAS=170.1kt VS=-5443fpm AGL=-3ft Bnk=0.9° Pit=1.5° Hdg=90° Gn=1.00 Gl=-0.01 Ga=-0.03 Sink=0.000m Skid=0.000 Thr=0.93 Flp=0.40 Sbk=0.00 Wind=0kt@0° Xpdr=1 AP=False GS=0.00dot LOC=0.00dot
[  173.0s] [XP12] [XP12] Dataref not found: 'sim/flightmodel/misc/stall_warning'
[  173.0s] [XP12] [XP12] Dataref not found: 'sim/flightmodel2/gear/tire_sink_depth'
[  173.0s] [XP12] [XP12] Dataref not found: 'sim/weather/aircraft_wind_speed_kt'
[  173.0s] [XP12] [XP12] Dataref not found: 'sim/weather/aircraft_wind_direction_degt'
[  173.0s] [XP12] [XP12] Dataref not found: 'sim/flightmodel2/gear/tire_skid'
[  173.1s] [XP12] [XP12] Dataref not found: 'sim/aircraft/limits/Vso'
[  173.1s] [XP12] [XP12] Dataref not found: 'sim/aircraft/limits/Vno'
[  173.1s] [XP12] [XP12] Dataref not found: 'sim/aircraft/limits/Vne'
[  173.1s] [XP12] [XP12] Dataref not found: 'sim/aircraft/limits/Vfe'
[  173.1s] [XP12] [XP12] Dataref not found: 'sim/aircraft/limits/Vle'
[  173.1s] [XP12] [XP12] Dataref not found: 'sim/weather/cloud_base_msl_m'
[  173.2s] [DEBUG] Parking brake set  GPS=(35.01815,-80.59664)
[  173.2s] [Landed] GS=0.0kt IAS=170.1kt VS=-5443fpm AGL=-3ft Bnk=0.9° Pit=1.6° Hdg=90° Gn=1.00 Gl=-0.01 Ga=-0.03 Sink=0.000m Skid=0.000 Thr=0.93 Flp=0.40 Sbk=0.00 Wind=0kt@0° Xpdr=1 AP=False GS=0.00dot LOC=0.00dot
[  174.2s] [XP12] [XP12] Dataref not found: 'sim/flightmodel/misc/stall_warning'
[  174.2s] [XP12] [XP12] Dataref not found: 'sim/flightmodel2/gear/tire_sink_depth'
[  174.2s] [XP12] [XP12] Dataref not found: 'sim/weather/aircraft_wind_speed_kt'
[  174.2s] [XP12] [XP12] Dataref not found: 'sim/weather/aircraft_wind_direction_degt'
[  174.2s] [XP12] [XP12] Dataref not found: 'sim/flightmodel2/gear/tire_skid'
[  174.3s] [XP12] [XP12] Dataref not found: 'sim/aircraft/limits/Vso'
[  174.3s] [XP12] [XP12] Dataref not found: 'sim/aircraft/limits/Vno'
[  174.3s] [XP12] [XP12] Dataref not found: 'sim/aircraft/limits/Vne'
[  174.3s] [XP12] [XP12] Dataref not found: 'sim/aircraft/limits/Vfe'
[  174.3s] [XP12] [XP12] Dataref not found: 'sim/aircraft/limits/Vle'
[  174.4s] [XP12] [XP12] Dataref not found: 'sim/weather/cloud_base_msl_m'
[  174.4s] [DEBUG] Parking brake set  GPS=(35.01815,-80.59664)
[  174.4s] [Landed] GS=0.0kt IAS=170.1kt VS=-5443fpm AGL=-3ft Bnk=0.9° Pit=1.6° Hdg=90° Gn=1.00 Gl=-0.01 Ga=-0.03 Sink=0.000m Skid=0.000 Thr=0.93 Flp=0.40 Sbk=0.00 Wind=0kt@0° Xpdr=1 AP=False GS=0.00dot LOC=0.00dot
[  175.4s] [XP12] [XP12] Dataref not found: 'sim/flightmodel/misc/stall_warning'
[  175.4s] [XP12] [XP12] Dataref not found: 'sim/flightmodel2/gear/tire_sink_depth'
[  175.4s] [XP12] [XP12] Dataref not found: 'sim/weather/aircraft_wind_speed_kt'
[  175.4s] [XP12] [XP12] Dataref not found: 'sim/weather/aircraft_wind_direction_degt'
[  175.5s] [XP12] [XP12] Dataref not found: 'sim/flightmodel2/gear/tire_skid'
[  175.5s] [XP12] [XP12] Dataref not found: 'sim/aircraft/limits/Vso'
[  175.5s] [XP12] [XP12] Dataref not found: 'sim/aircraft/limits/Vno'
[  175.5s] [XP12] [XP12] Dataref not found: 'sim/aircraft/limits/Vne'
[  175.5s] [XP12] [XP12] Dataref not found: 'sim/aircraft/limits/Vfe'
[  175.6s] [XP12] [XP12] Dataref not found: 'sim/aircraft/limits/Vle'
[  175.6s] [XP12] [XP12] Dataref not found: 'sim/weather/cloud_base_msl_m'
[  175.6s] [DEBUG] Parking brake set  GPS=(35.01815,-80.59664)
[  175.6s] [Landed] GS=0.0kt IAS=170.1kt VS=-5443fpm AGL=-3ft Bnk=0.9° Pit=1.6° Hdg=90° Gn=1.00 Gl=-0.01 Ga=-0.03 Sink=0.000m Skid=0.000 Thr=0.93 Flp=0.40 Sbk=0.00 Wind=0kt@0° Xpdr=1 AP=False GS=0.00dot LOC=0.00dot
[  176.6s] [XP12] [XP12] Dataref not found: 'sim/flightmodel/misc/stall_warning'
[  176.6s] [XP12] [XP12] Dataref not found: 'sim/flightmodel2/gear/tire_sink_depth'
[  176.6s] [XP12] [XP12] Dataref not found: 'sim/weather/aircraft_wind_speed_kt'
[  176.7s] [XP12] [XP12] Dataref not found: 'sim/weather/aircraft_wind_direction_degt'
[  176.7s] [XP12] [XP12] Dataref not found: 'sim/flightmodel2/gear/tire_skid'
[  176.7s] [XP12] [XP12] Dataref not found: 'sim/aircraft/limits/Vso'
[  176.7s] [XP12] [XP12] Dataref not found: 'sim/aircraft/limits/Vno'
[  176.7s] [XP12] [XP12] Dataref not found: 'sim/aircraft/limits/Vne'
[  176.7s] [XP12] [XP12] Dataref not found: 'sim/aircraft/limits/Vfe'
[  176.8s] [XP12] [XP12] Dataref not found: 'sim/aircraft/limits/Vle'
[  176.8s] [XP12] [XP12] Dataref not found: 'sim/weather/cloud_base_msl_m'
[  176.8s] [DEBUG] Parking brake set  GPS=(35.01815,-80.59664)
[  176.8s] [Landed] GS=0.0kt IAS=170.1kt VS=-5443fpm AGL=-3ft Bnk=0.9° Pit=1.6° Hdg=90° Gn=1.00 Gl=-0.01 Ga=-0.03 Sink=0.000m Skid=0.000 Thr=0.93 Flp=0.40 Sbk=0.00 Wind=0kt@0° Xpdr=1 AP=False GS=0.00dot LOC=0.00dot
[  177.8s] [XP12] [XP12] Dataref not found: 'sim/flightmodel/misc/stall_warning'
[  177.8s] [XP12] [XP12] Dataref not found: 'sim/flightmodel2/gear/tire_sink_depth'
[  177.9s] [XP12] [XP12] Dataref not found: 'sim/weather/aircraft_wind_speed_kt'
[  177.9s] [XP12] [XP12] Dataref not found: 'sim/weather/aircraft_wind_direction_degt'
[  177.9s] [XP12] [XP12] Dataref not found: 'sim/flightmodel2/gear/tire_skid'
[  177.9s] [XP12] [XP12] Dataref not found: 'sim/aircraft/limits/Vso'
[  177.9s] [XP12] [XP12] Dataref not found: 'sim/aircraft/limits/Vno'
[  177.9s] [XP12] [XP12] Dataref not found: 'sim/aircraft/limits/Vne'
[  178.0s] [XP12] [XP12] Dataref not found: 'sim/aircraft/limits/Vfe'
[  178.0s] [XP12] [XP12] Dataref not found: 'sim/aircraft/limits/Vle'
[  178.0s] [XP12] [XP12] Dataref not found: 'sim/weather/cloud_base_msl_m'
[  178.0s] [DEBUG] Parking brake set  GPS=(35.01815,-80.59664)
[  178.0s] [Landed] GS=0.0kt IAS=170.1kt VS=-5443fpm AGL=-3ft Bnk=0.9° Pit=1.6° Hdg=90° Gn=1.00 Gl=-0.01 Ga=-0.03 Sink=0.000m Skid=0.000 Thr=0.93 Flp=0.40 Sbk=0.00 Wind=0kt@0° Xpdr=1 AP=False GS=0.00dot LOC=0.00dot
[  179.1s] [XP12] [XP12] Dataref not found: 'sim/flightmodel/misc/stall_warning'
[  179.1s] [XP12] [XP12] Dataref not found: 'sim/flightmodel2/gear/tire_sink_depth'
[  179.1s] [XP12] [XP12] Dataref not found: 'sim/weather/aircraft_wind_speed_kt'
[  179.2s] [XP12] [XP12] Dataref not found: 'sim/weather/aircraft_wind_direction_degt'
[  179.2s] [XP12] [XP12] Dataref not found: 'sim/flightmodel2/gear/tire_skid'
[  179.2s] [XP12] [XP12] Dataref not found: 'sim/aircraft/limits/Vso'
[  179.2s] [XP12] [XP12] Dataref not found: 'sim/aircraft/limits/Vno'
[  179.2s] [XP12] [XP12] Dataref not found: 'sim/aircraft/limits/Vne'
[  179.2s] [XP12] [XP12] Dataref not found: 'sim/aircraft/limits/Vfe'
[  179.2s] [XP12] [XP12] Dataref not found: 'sim/aircraft/limits/Vle'
[  179.3s] [XP12] [XP12] Dataref not found: 'sim/weather/cloud_base_msl_m'
[  179.3s] [DEBUG] Parking brake set  GPS=(35.01815,-80.59664)
[  179.3s] [Landed] GS=0.0kt IAS=170.1kt VS=-5443fpm AGL=-3ft Bnk=0.9° Pit=1.6° Hdg=90° Gn=1.00 Gl=-0.01 Ga=-0.03 Sink=0.000m Skid=0.000 Thr=0.93 Flp=0.40 Sbk=0.00 Wind=0kt@0° Xpdr=1 AP=False GS=0.00dot LOC=0.00dot
[  180.3s] [XP12] [XP12] Dataref not found: 'sim/flightmodel/misc/stall_warning'
[  180.3s] [XP12] [XP12] Dataref not found: 'sim/flightmodel2/gear/tire_sink_depth'
[  180.3s] [XP12] [XP12] Dataref not found: 'sim/weather/aircraft_wind_speed_kt'
[  180.3s] [XP12] [XP12] Dataref not found: 'sim/weather/aircraft_wind_direction_degt'
[  180.3s] [XP12] [XP12] Dataref not found: 'sim/flightmodel2/gear/tire_skid'
[  180.4s] [XP12] [XP12] Dataref not found: 'sim/aircraft/limits/Vso'
[  180.4s] [XP12] [XP12] Dataref not found: 'sim/aircraft/limits/Vno'
[  180.4s] [XP12] [XP12] Dataref not found: 'sim/aircraft/limits/Vne'
[  180.4s] [XP12] [XP12] Dataref not found: 'sim/aircraft/limits/Vfe'
[  180.4s] [XP12] [XP12] Dataref not found: 'sim/aircraft/limits/Vle'
[  180.4s] [XP12] [XP12] Dataref not found: 'sim/weather/cloud_base_msl_m'
[  180.4s] [DEBUG] Parking brake set  GPS=(35.01815,-80.59664)
[  180.4s] [Landed] GS=0.0kt IAS=170.1kt VS=-5443fpm AGL=-3ft Bnk=0.9° Pit=1.6° Hdg=90° Gn=1.00 Gl=-0.01 Ga=-0.03 Sink=0.000m Skid=0.000 Thr=0.93 Flp=0.40 Sbk=0.00 Wind=0kt@0° Xpdr=1 AP=False GS=0.00dot LOC=0.00dot
[  181.4s] [XP12] [XP12] Dataref not found: 'sim/flightmodel/misc/stall_warning'
[  181.5s] [XP12] [XP12] Dataref not found: 'sim/flightmodel2/gear/tire_sink_depth'
[  181.5s] [XP12] [XP12] Dataref not found: 'sim/weather/aircraft_wind_speed_kt'
[  181.5s] [XP12] [XP12] Dataref not found: 'sim/weather/aircraft_wind_direction_degt'
[  181.5s] [XP12] [XP12] Dataref not found: 'sim/flightmodel2/gear/tire_skid'
[  181.5s] [XP12] [XP12] Dataref not found: 'sim/aircraft/limits/Vso'
[  181.5s] [XP12] [XP12] Dataref not found: 'sim/aircraft/limits/Vno'
[  181.5s] [XP12] [XP12] Dataref not found: 'sim/aircraft/limits/Vne'
[  181.6s] [XP12] [XP12] Dataref not found: 'sim/aircraft/limits/Vfe'
[  181.6s] [XP12] [XP12] Dataref not found: 'sim/aircraft/limits/Vle'
[  181.6s] [XP12] [XP12] Dataref not found: 'sim/weather/cloud_base_msl_m'
[  181.6s] [DEBUG] Parking brake set  GPS=(35.01815,-80.59664)
[  181.6s] [Landed] GS=0.0kt IAS=170.1kt VS=-5443fpm AGL=-3ft Bnk=0.9° Pit=1.6° Hdg=90° Gn=1.00 Gl=-0.01 Ga=-0.03 Sink=0.000m Skid=0.000 Thr=0.93 Flp=0.40 Sbk=0.00 Wind=0kt@0° Xpdr=1 AP=False GS=0.00dot LOC=0.00dot
[  182.6s] [XP12] [XP12] Dataref not found: 'sim/flightmodel/misc/stall_warning'
[  182.6s] [XP12] [XP12] Dataref not found: 'sim/flightmodel2/gear/tire_sink_depth'
[  182.6s] [XP12] [XP12] Dataref not found: 'sim/weather/aircraft_wind_speed_kt'
[  182.6s] [XP12] [XP12] Dataref not found: 'sim/weather/aircraft_wind_direction_degt'
[  182.7s] [XP12] [XP12] Dataref not found: 'sim/flightmodel2/gear/tire_skid'
[  182.7s] [XP12] [XP12] Dataref not found: 'sim/aircraft/limits/Vso'
[  182.7s] [XP12] [XP12] Dataref not found: 'sim/aircraft/limits/Vno'
[  182.7s] [XP12] [XP12] Dataref not found: 'sim/aircraft/limits/Vne'
[  182.7s] [XP12] [XP12] Dataref not found: 'sim/aircraft/limits/Vfe'
[  182.7s] [XP12] [XP12] Dataref not found: 'sim/aircraft/limits/Vle'
[  182.7s] [XP12] [XP12] Dataref not found: 'sim/weather/cloud_base_msl_m'
[  182.7s] [DEBUG] Parking brake set  GPS=(35.01815,-80.59664)
[  182.7s] [Landed] GS=0.0kt IAS=170.1kt VS=-5443fpm AGL=-3ft Bnk=0.9° Pit=1.6° Hdg=90° Gn=1.00 Gl=-0.01 Ga=-0.03 Sink=0.000m Skid=0.000 Thr=0.93 Flp=0.40 Sbk=0.00 Wind=0kt@0° Xpdr=1 AP=False GS=0.00dot LOC=0.00dot
[  183.8s] [XP12] [XP12] Dataref not found: 'sim/flightmodel/misc/stall_warning'
[  183.8s] [XP12] [XP12] Dataref not found: 'sim/flightmodel2/gear/tire_sink_depth'
[  183.8s] [XP12] [XP12] Dataref not found: 'sim/weather/aircraft_wind_speed_kt'
[  183.8s] [XP12] [XP12] Dataref not found: 'sim/weather/aircraft_wind_direction_degt'
[  183.8s] [XP12] [XP12] Dataref not found: 'sim/flightmodel2/gear/tire_skid'
[  183.8s] [XP12] [XP12] Dataref not found: 'sim/aircraft/limits/Vso'
[  183.8s] [XP12] [XP12] Dataref not found: 'sim/aircraft/limits/Vno'
[  183.9s] [XP12] [XP12] Dataref not found: 'sim/aircraft/limits/Vne'
[  183.9s] [XP12] [XP12] Dataref not found: 'sim/aircraft/limits/Vfe'
[  183.9s] [XP12] [XP12] Dataref not found: 'sim/aircraft/limits/Vle'
[  183.9s] [XP12] [XP12] Dataref not found: 'sim/weather/cloud_base_msl_m'
[  183.9s] [DEBUG] Parking brake set  GPS=(35.01815,-80.59664)
[  183.9s] [Landed] GS=0.0kt IAS=170.1kt VS=-5443fpm AGL=-3ft Bnk=0.9° Pit=1.6° Hdg=90° Gn=1.00 Gl=-0.01 Ga=-0.03 Sink=0.000m Skid=0.000 Thr=0.93 Flp=0.40 Sbk=0.00 Wind=0kt@0° Xpdr=1 AP=False GS=0.00dot LOC=0.00dot
[  184.9s] [XP12] [XP12] Dataref not found: 'sim/flightmodel/misc/stall_warning'
[  184.9s] [XP12] [XP12] Dataref not found: 'sim/flightmodel2/gear/tire_sink_depth'
[  184.9s] [XP12] [XP12] Dataref not found: 'sim/weather/aircraft_wind_speed_kt'
[  185.0s] [XP12] [XP12] Dataref not found: 'sim/weather/aircraft_wind_direction_degt'
[  185.0s] [XP12] [XP12] Dataref not found: 'sim/flightmodel2/gear/tire_skid'
[  185.0s] [XP12] [XP12] Dataref not found: 'sim/aircraft/limits/Vso'
[  185.0s] [XP12] [XP12] Dataref not found: 'sim/aircraft/limits/Vno'
[  185.0s] [XP12] [XP12] Dataref not found: 'sim/aircraft/limits/Vne'
[  185.0s] [XP12] [XP12] Dataref not found: 'sim/aircraft/limits/Vfe'
[  185.0s] [XP12] [XP12] Dataref not found: 'sim/aircraft/limits/Vle'
[  185.1s] [XP12] [XP12] Dataref not found: 'sim/weather/cloud_base_msl_m'
[  185.1s] [DEBUG] Parking brake set  GPS=(35.01815,-80.59664)
[  185.1s] [Landed] GS=0.0kt IAS=170.1kt VS=-5443fpm AGL=-3ft Bnk=0.9° Pit=1.6° Hdg=90° Gn=1.00 Gl=-0.01 Ga=-0.03 Sink=0.000m Skid=0.000 Thr=0.93 Flp=0.40 Sbk=0.00 Wind=0kt@0° Xpdr=1 AP=False GS=0.00dot LOC=0.00dot
[  185.4s] Session ended — Score: 0  Grade: F
